x1,x2,x3,x4,x5,x6,y
-1.0,0.27383042698688753,0.602423233382846,-0.5273836564085822,1.0,0.8471060322922278,2.980765694026382
0.6628796749355268,-0.4561637876445893,0.5434768289017651,-0.9631003038578467,-1.0,-1.0,8.59074486414634
-0.30973349786420035,0.40110587748196147,-0.7133529144375851,0.11272269734378904,1.0,-0.06926924902742888,0.2368336402615857
0.10343949289621146,0.002647724977096644,0.8810336098680511,0.45478013794866223,1.0,-0.4600252368563406,0.29550589814549644
-1.0,0.018357603608848083,0.6551004046833082,0.20316897292018465,0.38014251890838735,0.35707030084803343,1.0520447322002482
0.43886804655698475,1.0,1.0,1.0,0.7714621301827945,0.7327481486328338,-7.494953318360777
-0.34954232670447216,-0.5733838785979553,-1.0,-0.9849969834258645,-0.5203379178409318,-0.23957064489696545,-1.3556397599772159
-0.8113358769554029,1.0,-1.0,-0.8638699518483145,0.5034288909085008,-0.25611056701888985,1.8609480491899562
-1.0,-0.46543631750064907,-1.0,-1.0,-1.0,-0.7740669687017088,0.1705684727848411
-0.025320587718966198,0.07305720692249873,0.12458313715849234,0.7969765914162914,-0.3003484755293236,-0.31684301871080983,0.19692423350654126
-1.0,0.09670677049283245,-0.7564717059441788,-0.6972549399145554,-0.1196495441888609,0.7469483913716138,1.5369594851382642
-0.8808657633236829,0.45426971418773965,-1.0,-1.0,0.9131361749972589,1.0,11.209396810607169
-0.11950866770862567,1.0,0.5554647832585815,0.48747872306450934,-0.8030126507418507,-0.7685609659285128,0.5219342069246637
-0.272956572088467,-0.44862413789592703,-1.0,-1.0,-0.6932276101200912,-0.010095453133255106,-1.0638152443252706
0.6369370564366764,-1.0,-0.6683800604215536,-0.5127219630972238,0.06757086807660617,0.14916889695483654,-1.7390731655267695
-1.0,-1.0,-0.30831799560931294,-0.9412312726351475,-1.0,-0.5129254153458466,2.7294950507466575
-0.6893306394660643,-1.0,0.39267269097044777,0.5648143593039991,-0.7131075567007303,-0.9537353005136102,2.4984014392661953
0.1246018218212126,0.8215553359796086,0.3490127649766804,0.9221018616734895,0.9955627480268576,0.492688717829872,-0.3770052888183079
-1.0,-0.04222965096442627,-1.0,-0.15122490619407825,0.7229982111262708,0.6429360192210296,3.2078952506048215
-0.156955220458734,-0.40824792341532423,1.0,-0.8537573486715142,0.6116815617869935,0.33813277193463087,-1.3908117527133088
0.2032752114478778,-0.5111067414231495,-1.0,-1.0,0.36946468478408134,0.7570547450837692,0.3528309731754044
-0.871117755070755,-1.0,-1.0,-1.0,-0.9426649264713078,-0.3605223604831609,-1.0891304413936678
-0.204233884658772,-0.4047649678174916,1.0,0.21362010548138788,0.5484804694999859,0.3462097459378992,-0.8099470772392396
-1.0,-0.8632650510772986,-0.5494262214822692,-0.4306737010046173,-1.0,-1.0,1.440880033847149
-0.07236415431825072,-0.29984765424740867,-0.9752037665136647,0.975695278135193,-0.7864638089162138,0.7344798229305171,1.7433227661476147
-1.0,-0.7624146571615996,-0.6543792459201985,-0.5992216243572355,0.655241344244332,1.0,1.8694553062429486
0.3466247086216745,-0.3088584507016368,0.5700156672323609,-0.11772437737781208,0.2609819726826449,0.008426068970792233,-0.40806866907602934
-0.7875588229811911,0.782934293955237,0.6564199919101384,0.8880072988530716,0.333142741258586,0.5525869903549381,-1.7940264659207237
0.07648344340104235,1.0,0.18694010182559218,-0.5288679143932712,0.7646030621526152,0.5110344739560728,2.1601950408145565
-1.0,-1.0,-1.0,-0.9762558656460987,0.7084489823209528,0.5339742376114159,-7.0370074622290435
0.05833647482018928,-0.18890124190692387,0.6104405178956334,1.0,1.0,1.0,2.077207514196987
1.0,0.7407346661010163,-0.19823946634195022,1.0,-1.0,0.28250975984670756,5.530504949646338
-0.9529926986422379,-1.0,-1.0,-0.4192447172403394,0.22542295445977256,-0.082057034473076,-4.556575225692797
0.37793957343682605,0.8157730133175869,0.5734960716571611,1.0,0.7316540661759157,-1.0,-0.5337679624413052
-0.07131318446335377,1.0,-0.3963014447869762,1.0,-0.9328389096367078,1.0,5.016483070437297
0.3195916973364701,1.0,0.9536804757005479,0.02595457904372167,-0.3453707136008475,-0.8897793178847564,-0.8799827884291869
-0.5837075487528951,0.6563601923167602,0.536130967816995,-0.44392895695078693,0.14272856876623102,-0.7475383575142579,-0.07127918319452886
-0.5350465727827751,-0.430099240339168,-1.0,-1.0,-1.0,-1.0,2.8404154907083514
0.9758281044300455,0.431701389589281,-0.18623069691290262,-0.9592864589896922,0.5536143575056229,0.8676645660668895,2.2536195560752716
0.41119371650792286,0.02009926440029175,-1.0,0.2635922435016237,-0.3146961934605641,-0.9238609836567813,2.333623574185073
0.036041290717326424,0.9029923890218556,0.33731393416356353,0.7987954351041624,0.8619476227448348,0.013492139197736952,-0.4446253645496279
0.9911723570523585,0.8121010149873769,0.579710196307522,1.0,0.17270381123494027,1.0,-1.266223031099357
1.0,1.0,0.027257832825309025,1.0,-1.0,-0.45662913777188974,7.481865817091862
-0.028383699109933103,-1.0,0.05114865410793268,-1.0,-0.33391425790754004,-1.0,7.391760248485034
0.3565933691997689,1.0,1.0,1.0,0.7634745455860851,1.0,-6.710041928456045
-0.415382415637748,0.8137321026523824,0.9896210216418871,-0.24099313384128718,-1.0,-1.0,-3.8276970972687443
-0.524608635264761,-1.0,-0.4003838637121716,-0.7569857824266479,-0.08364660254140222,0.2527967799293174,-1.2862458712165679
-0.6395552572715092,-1.0,-0.6371665673016162,-1.0,0.705162231370746,0.5604161508067308,-3.523985512089915
0.058671547516024436,1.0,1.0,0.9338288663291505,-0.547863151774673,-1.0,1.872107771690895
-0.4157433773526029,-1.0,-1.0,-1.0,0.2933840547932335,1.0,-1.8350470666574323
-0.34336256308024116,-0.6074601725892796,0.3495732797665302,-0.08032629721273599,-1.0,-1.0,2.319933481910447
-0.32918712701892494,0.34866447713091286,-0.9869196502716984,-1.0,-0.34155473737320063,-0.8636818987271548,0.006727386810726217
-1.0,-0.41904093254469643,0.8380804181105017,-1.0,0.8259623333662853,0.3550907263662413,-0.012152449673319854
0.12462997972854395,0.8095149710939674,-0.26204364656397394,-0.43553446538893537,1.0,1.0,7.331870859571599
0.8311087468846323,0.45278494504175737,1.0,0.1426972992056319,0.47659722906586843,0.768180453343414,-2.306593329443726
-0.9013322757689243,-0.9977334767979995,-0.02067413807318441,-1.0,0.3110839139906023,0.10098575496041998,-1.5242272774170906
1.0,0.42874851553855553,1.0,1.0,0.2610519487498454,0.20024456673635238,-1.5385938555476315
-1.0,-0.3675812170369742,-1.0,-0.7553259996588355,-0.898226732406568,-0.929627638461415,2.1613902591553265
0.701889159172114,0.7519288349207728,-0.41940870951331144,-0.18813763706495187,1.0,0.5738682787775058,0.6283876276412332
0.7112439691372259,-0.7439813169664493,-1.0,0.9904341349790219,0.10323991208893835,0.6626573228529016,-0.05141948794349582
0.017574170864097183,-0.00519699841377258,0.22283079462182626,-0.5245940689205759,0.23324234546143957,1.0,2.743913802272025
1.0,0.5106629000649598,1.0,0.6678523144296382,0.34914035072686667,-0.529112099746311,0.05325047557343937
1.0,-0.157115309048796,1.0,0.22947897496752856,-0.14542938644664116,-0.39900699213610263,1.6416816282093682
0.5204280066282481,-0.08692225108064472,-1.0,-1.0,-1.0,-1.0,4.364202577858805
-0.5076465418766458,-1.0,-0.02642296665518118,-1.0,0.06971792685321754,-0.03962987656066211,-0.3687844424221107
0.7183281413114546,-0.49319195328430565,-0.014540923711822529,0.5290991591184054,-0.033348715772615556,-0.0988978321099594,0.1942037481778181
0.7069021155184145,-0.37583860074031317,0.19099540895921008,0.3907460916974596,0.7353431359852791,0.7489538867267199,0.6934841197168717
0.22938334057864407,0.9985078357811055,0.5502743902117715,-0.16427325404807736,-0.8487582215096992,0.9942961293259824,3.5272224806924743
0.4110977364010617,1.0,-1.0,0.40274252794395937,1.0,-0.44641670767982095,-0.2591356753577908
-1.0,-1.0,-0.5048905982366716,-0.8008246535038637,-0.9572107404058311,0.9594821940925299,-0.22029154260451214
1.0,0.2575738604103664,0.19210189283030799,-0.11987441981475999,0.6411870074617982,0.5769564046605705,-1.2424287580150721
-0.07934616747643117,0.7133328656929219,0.19767401481169666,-1.0,0.9638929168274206,0.6960017090123345,4.881019498337288
-0.8882247650560648,-1.0,-0.1166211650333594,-0.4319389008160566,1.0,0.6872146603090095,1.919604349911128
0.5859473104715704,-0.3222457267677509,1.0,-0.5797869491018314,0.07736370960105465,0.2755512552954521,-1.3852963431768541
-0.59721112906303,0.9041166601401343,1.0,0.7917503639435988,-0.17551062153791006,0.8476758814340329,-5.196369638786881
0.4136807477974166,-1.0,-1.0,0.1243413287363021,0.8299421480835121,-0.3644246894213727,-3.198442046515
1.0,1.0,1.0,1.0,-0.1390757202210177,0.8496351484306629,-3.609960039312053
0.4018923007229431,0.9219649146011224,0.3513363131695021,1.0,-0.8286371396944416,0.5425025533096787,2.1491408283222295
-0.48581614697986786,-1.0,0.20612403597954837,0.9583351174346465,0.8938421333493347,1.0,3.9511012545289437
-1.0,-1.0,-1.0,-1.0,-0.14439973508339923,0.8990655465971478,-2.5935522627658516
1.0,-0.5646589080812181,0.5148961279186506,-0.03131297664245623,-1.0,-0.9265247534957595,9.086786848141141
-0.5323631742467565,-1.0,-0.21779008625653407,-0.4856577819304445,1.0,1.0,2.8607274745903
1.0,1.0,0.7875020856076412,0.623838384090956,0.7880290211439178,0.5152312428610069,-5.55766355099715
0.5857579903102008,0.7802227313923746,1.0,0.21954536079962494,0.5218685441196631,-0.14916143471727983,-2.0042500827499676
-1.0,-1.0,0.056561592835869035,0.4736159687396919,1.0,0.32880677291313143,2.508667137179088
-0.5890855228325781,-1.0,-0.513567081817502,-0.7160722618895692,0.46300416029159486,0.24634990422231273,-1.868622508460559
0.9234673572602556,1.0,0.3466286563459915,0.945596654143338,0.4474469180377263,1.0,-0.44052100821285967
-0.805232985534102,-1.0,-0.8583809615883027,-0.3063514617304662,0.9385803676753536,0.6564542397632149,-0.7616787967498413
-0.5630691868588199,-1.0,-0.9656590797322528,-0.3786791875628732,-0.10076241637929184,-0.49393769653771125,-2.3717084266580715
1.0,1.0,1.0,0.6526877599531002,1.0,0.316455559670866,-7.36925007460067
-1.0,-0.785838669895887,0.11706233114602105,-0.4325907836915572,1.0,1.0,3.4939313724534062
-1.0,-1.0,-0.9077010627879374,-1.0,1.0,1.0,-1.3233024020509785
-0.05723050171347108,-0.16564325439160973,-0.048724017297691935,0.1613237937300407,-0.5037692328412218,-1.0,2.6348768870245376
-1.0,-0.25994123150999604,-1.0,-0.56880876816225,0.6023924359104413,1.0,7.477764049859393
1.0,-0.5596879255836068,-0.7387102946945492,0.6419116023808036,1.0,-0.6870710745655453,-3.497571774596458
-0.7927394800330236,-0.4268309090977609,0.06816682292505705,-1.0,-0.7913482972944246,0.24951834242042104,-0.4818955818810723
-1.0,-0.688064226086076,0.2754743517388394,-1.0,-1.0,0.5282455603069962,-1.522202783315734
-0.7105901885370276,0.46261745517664227,0.6070993559988164,0.8793385943739963,0.8744026826476277,1.0,3.708897559015387
-1.0,-1.0,-1.0,-0.2781620721360234,-0.016840474167770902,0.3278534916813788,-4.833729270095604
-0.6560394912769238,0.7037203576907411,1.0,-0.2261567709841506,0.539427002616637,0.135735711073955,-1.6341813281591513
-0.04216040104760921,-1.0,-1.0,-0.61430335646835,-1.0,0.9036304658144639,3.744035031462788
-0.05369783873614309,-0.33869369226554236,-1.0,-1.0,-0.4027312600456481,-0.39734374345333645,-1.158282430523316
-0.7247565549158068,-1.0,-0.7014532772293945,-1.0,0.06222469935575292,-0.994588467463805,3.4384951096010257
0.17451536746957308,1.0,-0.021380048792945694,1.0,1.0,-0.2521218562527634,0.40771352835800184
1.0,-0.29037191885277414,1.0,0.1403660411359599,-0.8509671641449728,-0.9293326195382127,7.224429180514358
1.0,1.0,0.7910644448843513,1.0,-0.49715303639593733,1.0,0.541344987181801
0.370701094445528,-0.9214947017879387,-1.0,-0.0018674379608287217,-1.0,-0.049285330840443176,0.8152562313884387
1.0,0.5456090862708542,-1.0,0.38294841457997664,-0.8063499449460335,1.0,8.339980402153673
0.45684836504453585,1.0,1.0,0.6090524166028009,-1.0,0.5983570884780218,-1.2459605826036169
1.0,0.05959066021466497,-0.076202140003781,1.0,-0.740350205441583,-1.0,7.546577968265784
0.8554342511772431,-0.0523960305167781,1.0,-0.5323302452938755,0.39281997444655425,-1.0,0.864503765232264
1.0,0.8249161512541416,1.0,1.0,0.3552850409223106,0.04847018669892489,-3.668481025269169
0.6165667134042051,-1.0,0.024846070907151685,-0.7809463903181249,-0.6355296675796147,-1.0,9.47489211811788
-0.9542590894109032,-1.0,0.1678725669256126,0.5739783187361607,0.49169834501495013,-0.09777650558248385,1.1169047313590055
-0.12999008193619999,-0.8415851716277768,-0.15905372339640556,-1.0,-0.7096980201046041,-0.8266613425971385,5.540454993663198
0.5449929994309212,0.528996634472753,-0.966599861256376,-1.0,-0.18261748544925682,0.018609353023401234,0.03911166572238706
1.0,0.6078655513533199,0.3737957158170534,0.663026375979838,-1.0,-0.8992711601104513,8.103566878980153
-0.12094663324975152,0.17059257985918921,0.9475313241391302,0.8002597382108503,-1.0,0.9656750362712738,-1.6660864576758918
-0.21885486736186693,-0.129335220478354,-0.34486899911425,0.9777493375891049,-1.0,-1.0,0.7459046516889906
0.7735350208216695,0.6061296560495157,1.0,0.13810565746051684,-0.6097244292106507,-0.12377455539213322,2.3188100240993506
0.9952512354142223,0.5293097361836092,-0.31109682616021905,0.272309319055974,-1.0,-0.9572213406391913,5.83561319264224
0.4664819416401234,-0.40904386333241377,-0.10290222137469196,-1.0,0.18085279250757824,0.570039008495497,-0.25611002895478263
-0.6420892535051388,-0.3394013277078749,-0.13979707963614563,-1.0,-1.0,-0.0014121255435156077,1.6963065677209146
1.0,-1.0,-0.9763912302435326,-1.0,-0.8792034177543191,-0.9191529849676441,11.185241112598877
0.611635171459953,-1.0,0.38018341754338336,1.0,-0.6552785678725995,-0.4875042243328324,4.965841318397907
-0.9340304810211935,-0.743377563018968,-0.25976504414598517,0.5176050284166347,0.4634339863208101,0.3244262030903744,1.1306730384488621
-1.0,-1.0,-0.9101288797858167,-1.0,1.0,1.0,-0.3151210565188438
-1.0,-1.0,-0.5536884210292166,-1.0,0.8950969417068643,0.10429401676525152,-1.1374792295851823
-0.4746006807512319,0.03274559752381867,-0.7869763661344537,1.0,0.04549117235749223,-0.6454570157880263,-0.77242299381954
0.9716984544138931,0.9639344356106918,0.21866201789514417,0.9718700143418373,0.6114175746680585,-1.0,1.4638289432142193
0.941467500059748,0.37751614947598533,1.0,1.0,0.03105926775146839,-0.8848397890114877,2.018929831391195
-0.31283228332574936,0.06256465336229644,-0.639429162504324,-1.0,-0.6955354779360867,-0.6439464125862815,-0.9604130126470016
-1.0,-1.0,-0.10405130245532412,-1.0,-0.8998158908496551,1.0,0.44371121464911145
0.569027157076926,0.5362283846415021,-0.021052788777599085,0.16337770851300476,-0.5779951915918482,-0.3169365527953194,1.7766838115401238
1.0,1.0,-0.5415749611920663,0.37405336633437064,-0.6716882196427806,-0.6440227063346442,4.9658440064975355
-0.16784849695703805,0.06578635598234822,-0.6700968060993298,-1.0,-0.8750244108094392,-0.11444327873851567,0.3168985094134922
0.04958641905871092,-0.2240720362985773,-0.980577179466913,0.39882142769648615,1.0,1.0,6.237858582795148
-0.2507462078080829,-1.0,0.7807997613472926,-1.0,0.20294024231970897,0.17739748348720052,-0.05898834233079356
0.15433583734084577,1.0,0.424277884545956,0.8687169886275884,0.9847779228128974,0.6824661343443336,-1.4405649880995393
0.8631900542382984,0.8001854552885594,1.0,-0.3964741170390161,1.0,0.7457306604582336,-2.5035131552949137
-0.7315721927880978,-0.297255057126003,0.09774551446121024,0.2958957034425124,0.3746156214456213,0.041361171175206435,1.3020145266857424
0.37280142216543777,1.0,1.0,0.9864827020579755,-0.9331395949469354,-1.0,2.3054195438837684
-0.1915414526998379,0.7448277302688271,0.49499946085597984,1.0,-0.23075676701435366,0.6143768228889268,-2.2794974273270254
-0.8162328324721462,-1.0,-1.0,-0.8914771193021735,-0.05160666625074839,-1.0,2.5724842380089807
1.0,1.0,0.0491544329437763,1.0,-0.3277774494865585,-0.04340365262847928,3.351028358951612
-0.636046235493601,-0.498107727950589,-0.7479060827124143,-0.10335722563937533,-0.3254855018932854,0.547673112071236,0.262983246359917
0.20938916713118294,1.0,1.0,-0.234967208700124,-1.0,0.8615538072679638,-1.8072595312417208
0.6246056766721267,0.19209406635561688,-1.0,-0.16334429888399443,0.032305889030961654,0.5728925298058388,2.5051616604296862
-0.3224597394957179,-0.32956558458220314,0.102128657622139,0.6155372068600861,0.7808773110481251,0.7345200776216441,1.4907879669884219
-0.9878858981818204,0.005440185558056365,-1.0,-0.11591337571414695,-0.9499339458118862,-1.0,2.3146878066489798
1.0,1.0,1.0,1.0,0.027849298121410127,1.0,-5.342464628881088
1.0,0.7531874470251911,0.8773888893416593,0.8554324966511359,0.7088506253973823,-0.3943336527368268,-2.9761262059293108
0.6775543265764109,0.2597986038095299,0.9489919861766773,0.8909747193372703,-1.0,-1.0,6.070465382444169
-1.0,-0.6991296766373001,0.2699468486353662,-0.46891066458777486,-0.04846603432792551,-1.0,4.795932586454385
0.10000470466310907,-1.0,-0.47413715586411875,0.018684940347685086,1.0,-0.07986780407140576,-0.9880697831789105
-1.0,-1.0,-1.0,0.04142067443857947,-0.40353070863789653,-0.6292305686772697,-3.6119532253102866
-1.0,0.1300974780567341,-1.0,-0.3305340474045264,0.18881567871425975,0.35261844038860674,0.21180882203791845
1.0,1.0,1.0,1.0,-1.0,0.04506942530682235,3.907952666651598
-1.0,0.5556432570335003,-0.9009241601507008,0.7150914748683089,-0.027205001745599644,-0.40079845222956234,0.9998915037294523
-0.23923019860601807,1.0,0.1266396634481446,0.012115748399148751,1.0,0.437051933224366,2.585951136920238
-1.0,-0.481027628890324,-0.3876845384946789,-1.0,0.8218412753104929,1.0,4.579510993986908
1.0,0.01847541849335288,0.34309103551381304,0.6913528629906196,-0.8964267229942476,0.1742105353596518,2.8213239513949873
0.132506058413269,-0.43007474455625927,-1.0,-0.4367239098483767,-0.7907281963574163,-1.0,3.8894519251477324
0.05607582974933639,-0.0643203552022209,-1.0,-1.0,0.14099285124527716,-0.21616313888942826,-1.2097101054416062
-0.5794566683443654,0.5189926439374616,-0.15436758287545094,0.6805398023607411,0.8627411613899425,1.0,6.012669683549874
-1.0,-1.0,-1.0,0.19093949139961092,-0.7851612722155676,-0.7416243621786529,-3.5972743073764306
-0.6066251009901087,-1.0,-1.0,0.06448921194370344,1.0,1.0,4.464623910024773
0.22983444860748636,0.325628596631812,1.0,0.18447327310340755,-0.477103402971073,-1.0,3.1271493185145585
-1.0,-0.8550511400724978,-0.3987273958668178,-0.4076303405881261,-0.3243959978853454,-1.0,3.647640090002143
-0.16034642432410406,0.223421878641414,-0.6154714681238177,1.0,1.0,0.15501995662828705,0.9011646762923716
-0.07853343157071291,-0.9598121006897067,-1.0,-1.0,-0.0732458800021229,0.3298210751482849,-4.276412079013608
-0.4439626420393846,-1.0,-0.41642542400689053,-0.6483798081271368,0.24372724224022613,-0.31443482440014947,-0.8048287652782113
0.7034992163400923,0.027982098022532098,-0.14181912635322114,0.053966029380784875,0.5376827316292572,-0.06523118076404344,-1.5989798164757603
-0.8597959094933216,-0.7959378961466348,-0.7176932137791912,-0.4174444183772261,-0.12786974662038064,0.06525593859542927,-1.9060040658759447
-1.0,-1.0,-1.0,-1.0,0.25583365135492175,-1.0,2.5523685244195247
-1.0,-1.0,0.559803157558765,-1.0,-0.23868429086642495,-0.9236286340754176,6.033924941694529
0.42693262097233653,-0.5023506503492368,0.7281820043354617,0.41463730576967284,-1.0,0.09715472011348436,0.7665056632218817
-0.23148911489730464,1.0,0.07852806936189755,1.0,-0.5307026253514409,-1.0,3.8834175548040815
-0.34390143299201625,0.0662559313679898,0.22171844963694032,-1.0,0.7444430587234138,0.17462406841612255,1.7373821166405186
1.0,0.3679685518610998,0.48419963879160643,1.0,0.8715135150529312,0.5122275611615353,-2.5892846788401993
1.0,1.0,1.0,1.0,0.4262811658715403,1.0,-8.0520524653665
0.6362145413434486,-0.4793422055280569,1.0,1.0,0.7840744088604359,0.4200619683735263,-3.954221163696789
-0.23944107586707863,-1.0,0.07427487484300618,-0.9428541876260248,-1.0,0.39042677601061776,4.789692965068478
0.2507776516803736,-0.25260281776033133,-0.29769619574233463,0.11054412559597149,0.9716344149877224,-0.34388415598972144,-0.8835660949159148
1.0,0.9117050833980032,0.3713720172890791,0.20821318561534907,-0.32660417013869675,-0.7597475115624878,2.7126916273335344
0.06911253416597574,-0.30586164492645407,1.0,0.9188966428678054,0.8907992092486227,-0.5035815457599001,-0.6588497820972118
0.10720626677183243,-0.7279342310692904,0.017069369616630303,-1.0,-0.6130835606476388,-0.8312001443997415,5.5283492097828155
0.6426690053609951,-0.89955912717092,-0.20147692519162333,0.49677283841278425,0.8005274726994789,0.95455685103047,1.8772367728992565
1.0,1.0,1.0,0.6434319793305195,-0.3053377144562457,-0.15021934455410454,0.23444465658430869
1.0,0.9305322663634437,1.0,0.03229249722945271,0.024361112681667525,1.0,-2.661288407059982
0.1517201314172394,-0.08060994305889946,-0.3785174210183444,-0.09536267431966128,0.20849414538930133,-1.0,2.019218909038478
0.5369070917713863,1.0,0.1312297077063238,1.0,-0.6840221598499496,-0.21181997974807443,3.1954092023947576
-0.5179446318251866,0.6321666889642772,0.1295847550565681,-0.09439622603242215,0.579892697932662,-0.14463705624496614,2.1154967933264803
0.5729280119911182,-0.40911661928676735,-0.41518859287474486,-0.5049383707520699,-0.7704822095770975,-1.0,4.540255300846052
-0.020323590737848618,1.0,-0.38337104874506317,-0.08212745688851064,1.0,-0.25702114553637356,1.503475406187773
-0.4967249029330016,0.3048627538038027,1.0,0.4625691293149832,-0.9018490521853268,-0.4393242493432759,-2.1459796952601935
0.23885393360456897,1.0,1.0,0.09502319114601748,-1.0,-1.0,-2.0629941708262134
0.8401567954807382,0.3715414982597911,1.0,1.0,-0.22006173343315671,-1.0,4.534030153444917
1.0,1.0,0.6016598939075304,1.0,-0.15436817529279712,0.46204661165621275,-1.080195237195779
-0.3300854114470443,-0.7190521471679566,-0.14287894414607005,0.550671077206851,-1.0,-1.0,2.0343997837149828
0.18233290737477414,1.0,0.8822891393739156,0.40927832856273216,-0.11927122993773909,-0.1381485722438629,-2.411798529695275
0.7574649917256725,0.984237768001828,-0.001415793253745412,-0.0929978070089581,0.11551622068186812,-0.4966113975781992,-0.3575900542766104
0.8758382434772278,0.6096715815120404,1.0,1.0,-0.05230349377759455,-0.24145025368329298,0.2339821758268401
-1.0,0.17379693299320248,-1.0,-0.5482057512516351,-0.9190915750504122,0.7294716251065367,1.8781519118208088
-1.0,-0.05303641471885667,-0.8472017014544662,-1.0,-0.04543050411113991,-0.5900550080521917,-0.28040779784720693
-1.0,0.27575858234633577,0.7149952896363432,-0.4667421301920092,-0.11031478308310105,-0.34923314521483206,-0.15410247544046995
0.20000282931277458,0.44292696633717316,0.4866124960387656,0.04319237614634902,-0.02900744485611606,-0.8583042030368819,1.977564279513878
-1.0,-1.0,-1.0,-0.24743201530834646,-0.09296254922463165,1.0,2.0236608224701467
1.0,0.756559396016833,0.20512923695903668,-0.3925156495880228,1.0,0.7730755445922322,-0.31985254783862826
0.7095092775252853,0.31813872811657745,-1.0,-0.7713558908571968,0.9079364439869173,1.0,2.8030641179774385
0.8962733872494827,0.16296993820897576,1.0,0.8459269079141776,-0.023205835171950715,-0.3994485998044095,0.21332480848423563
-0.6728687405548432,-0.7592867545335628,-1.0,0.8930357161391312,1.0,-0.16284946224019423,-3.2442885567208295
1.0,1.0,1.0,1.0,1.0,-0.34684319056001867,-6.6219856700657225
0.3194452583736178,1.0,1.0,1.0,0.8245826700362212,-0.38981264309111974,-4.45654726766857
-0.184270911975025,-1.0,-0.2652066652736276,-0.18279095999630157,-1.0,-1.0,2.7907574958035295
-0.6021338534508978,-0.19466516051241167,-1.0,-0.9119448695118435,-1.0,0.19238803934918997,-0.7749155520856017
-0.7936483945434365,-0.1810928810454817,-1.0,-0.19700014301418733,-0.6065346369881792,-1.0,3.608104588698723
-0.666286200812502,-0.8978416751754804,-0.12218757643905687,-1.0,-0.648321759724267,-0.5488649717652394,3.0633027558252928
-0.390691212286758,0.9444916941834353,1.0,-0.2936448007675199,-0.9396732156337118,0.5996630612795835,-3.8482154998537412
-0.4766091644624303,-1.0,-0.5633610491117504,-0.5404013393143509,0.15409492484236176,0.8066479653821248,-0.9782468014985883
1.0,1.0,-0.13412718155461706,0.03685112258329437,1.0,0.10244012794778556,-0.7452780338777496
0.6227291668063576,0.28292650740828096,1.0,0.2880844237379846,-1.0,-1.0,4.134696475550041
0.4752254934651244,1.0,-0.5649295075698241,1.0,-0.7451260502754078,-1.0,7.81819085049687
-0.9386524139984137,0.04468745408735697,0.6986550167016866,-0.4697743504234948,-1.0,-0.559914263473164,-2.092075566700752
1.0,1.0,0.5248286472322563,1.0,-0.9633212032721988,0.3067890798140872,3.4381720802534677
1.0,0.30501560718454446,1.0,1.0,0.8505192018610377,0.6594214582379351,-5.175841046709176
0.24300000279574152,0.745898839067604,1.0,0.8849745845920761,1.0,1.0,-4.037647340003093
0.06627123129596124,-1.0,-1.0,0.5144065600672363,1.0,0.5683783757913488,-0.12678726044757704
-1.0,-0.4823453441828601,-1.0,-0.28783616554773883,-0.15898013128967525,-0.2581054203083343,-1.5552823288514346
-0.16899328684774229,-0.5478289843869416,-0.42184268818686965,-1.0,0.1900429484761964,-1.0,3.9871356115662464
0.32000988721146834,-0.04772130506594213,-0.21887258493543665,-0.8884790386665452,-1.0,-0.4801905184450297,3.505758208270097
0.5370280844182712,0.09677328078201386,0.8584055491361988,0.5788940039885151,0.13860287024395546,-0.601327719263042,1.6425174583920166
-0.470693639335962,-1.0,-1.0,-0.38270393244806916,0.053564948495818054,0.6387833434130247,-1.8171771089824245
-1.0,-1.0,-0.8634421563023797,0.08312293279167104,0.8964690389857531,1.0,3.2849557964428144
-1.0,-0.2707208419926129,-1.0,-0.9811853491111695,-0.4756647899090613,0.3706738747719529,-2.7240373731405807
-1.0,-1.0,-0.46686716864357036,0.29943742213520885,0.14307327382495805,-0.1807475042613539,-0.24577733886202602
-0.05181109869100742,-1.0,0.6312512847501375,-0.38827712715897467,-0.8513228268159735,-0.9825776379652017,5.419198894127946
-0.90391578472648,-0.527799836503364,-0.5189929541319351,-1.0,-0.34693475688154796,-1.0,4.571831610506038
1.0,0.9431243723615698,0.28452937116278987,0.27004669179820134,0.0026412005415450412,-1.0,4.431182832144899
-0.8036127849294776,-1.0,0.05220340447668878,-1.0,-0.5020483162329219,0.6392114218445695,-2.3014389970185554
0.8045534466190694,0.9159432708280475,0.01754123134976604,1.0,0.07464362469687111,-1.0,5.531905870485422
0.04537093629666944,-0.8678328393273733,-0.297477444867301,-0.9558513934978349,-1.0,-0.543500463887473,6.1135322552058025
0.1761086659190763,0.06167638821805793,-0.669322271140055,-0.32818965600846317,-1.0,-1.0,1.4210991928903947
-1.0,-1.0,-1.0,-0.6522666640483572,0.9593932165608293,-1.0,2.6145468348530594
0.25308389598258363,-0.6181612188083345,0.5440802043978651,-0.4085394574890911,-0.8763788722648181,-0.2572008496473094,1.701386952812486
1.0,0.37590451513625855,1.0,1.0,-0.5762439135318841,1.0,-0.39831919549120354
1.0,1.0,0.6184911563181084,0.41802664439487347,-1.0,1.0,5.420453542681381
-0.342871845238091,-0.15999625200728795,1.0,-1.0,-1.0,-0.001427855052155147,-0.6758797875787231
-1.0,-0.5316933767082666,-0.5063121709482915,-0.7471990430838651,1.0,0.1038736339947568,2.4386300839890973
-1.0,-1.0,-1.0,-0.8799737099837486,0.7203651646807564,0.7131937334762493,-4.5449699136484885
1.0,0.899121030593172,1.0,1.0,0.16386400385380073,-0.795693259025304,-1.2877168798205147
-0.40953010154845093,-0.40217746075248206,-0.0624798125457644,-1.0,-0.2732091843912805,-1.0,3.4033865810068487
1.0,1.0,0.8336357616055396,1.0,-0.9712588880294801,0.7420896593958761,2.7903660840427014
0.4567663788006894,-0.043774361341123,-1.0,0.4485164501656027,0.8284671454144669,-0.6696978874025575,-1.6408097086052464
0.8323880961329804,0.3458026154606866,0.6687176617159367,1.0,-1.0,-0.6844562755295825,5.6153046131746605
1.0,1.0,-0.13496007355833559,0.22734483547482498,0.010519293884869538,0.4076810944192349,0.4278024953303829
1.0,-0.8511095864151093,-0.7912731509297307,-0.7987123893893504,1.0,0.7299397201263274,-6.0508482333061355
-1.0,-0.17663078650144032,-1.0,-0.7587538957316545,-1.0,-1.0,2.094345444122117
0.47457996412221237,1.0,0.09896064107080349,0.15145439396674987,1.0,0.7362047605863375,2.011932381245581
0.2639389640661556,0.42649892300609293,-0.24975149257804652,1.0,0.3273806404737357,0.10877245037806349,-0.48348327457591045
0.022723188325983034,0.3041516620935586,-1.0,-0.6605576192513604,-0.9282995737065542,-0.9659488957898792,0.48107016490218335
-0.4955332856567435,0.26752576670219846,-0.6286339901599556,-0.14079680680136075,-0.18951347403908425,-0.26286711698554577,-0.2154700643401066
0.8932530175951546,0.8476038582335768,0.46979444350230126,0.2766867190844331,-1.0,0.8024196671672849,4.729208148256168
-1.0,-0.07835665609163,-1.0,-0.14459068183105606,1.0,0.1492286219113479,-1.7024279627663823
0.3901076166209354,-1.0,-0.10334174804423057,-0.25980420169993024,0.5053601276933489,0.8788360938890623,0.6012369740892861
-1.0,-1.0,-0.02758600597038796,-0.22086213947845756,1.0,-0.042323173481205734,3.2156743314066722
-0.03998279324665799,-1.0,-1.0,-0.28902264013349455,-0.10854136930430663,0.30836674767196026,-2.7350175906611107
-0.5263200892040366,0.6851342988026273,0.2732307378231545,-0.6041716488839333,-0.12535644506364058,0.11671541948945119,-0.4178929425217639
0.06777522356411503,0.30088951554074295,0.3954966315898012,0.07838935376428671,0.4390848366942371,-0.1381906793394999,-0.6710309079723091
-0.8761506253389709,0.44495679163190127,-1.0,1.0,0.7632257418278168,0.6039125998359787,2.8404297168502715
-0.5456156994690562,-1.0,0.21689762346982921,0.02463759008322386,-0.8602402638745458,-1.0,2.7934292393939946
-0.3586358416231372,-0.5412086912069938,0.06732433502616422,0.5982426482921296,1.0,0.4111886634690207,0.5490550875815766
0.4885908724076692,-0.24932247843974165,-0.7327363876183157,-0.2148803576011047,0.2443389073150209,-0.4328704925519401,-0.08400117024377105
-0.4138338141365232,0.03820581549316482,0.576009116986374,0.6179217888022951,-1.0,0.5439661564330351,-1.5252436409773447
1.0,0.9394693118894617,0.10995591824489309,0.3830691340139796,0.010482809384837255,-0.9886532915313186,3.998425764466286
-1.0,0.5853813471356213,-0.4653749643761552,0.4776646751915394,-0.16009740529095884,-1.0,3.4044856334473605
-0.33426839556734667,-0.13840399725742014,-0.8602783342276846,-1.0,-0.20623029232566045,0.6898309214415383,1.6450267900197004
-0.9300197850490246,-1.0,-1.0,-0.538596341595688,1.0,0.06214842114188013,-6.197547584809428
0.08786221234021951,-0.4366899561218287,-0.1536533160336253,-1.0,0.5632194607988483,1.0,1.5354863075393101
0.575824076807192,0.7522528694905982,-0.666665831980233,-0.35053743908282925,0.28867062533114707,-0.3329708939767717,-0.25824433252783213
1.0,0.5678786030947998,0.9928274295956367,-0.00953994283284032,-1.0,-1.0,5.3876102696519705
-0.02189531572683967,0.46875473347264784,1.0,0.32339887417624236,0.6244860500620021,0.041134169260003225,-0.8603766860855272
0.43982625399337194,0.9652443793882513,0.1304981978769062,1.0,-0.8387943225553804,-1.0,6.97677765533133
0.17300801139270905,0.43832121922145906,1.0,1.0,-1.0,-0.1088746352735606,-0.1547734605294819
-0.31147221261834557,-0.9662776350006206,-0.23424615537372007,0.08349054080740154,0.8207022666541413,0.2975534477844979,0.759375210979292
-1.0,-0.8785828938307052,-0.09365985824688963,-1.0,-0.20900867858403374,0.9850063925339588,-2.6045665062535774
0.0961169358891365,0.5437279328239732,-0.11730628657265862,0.1739218397875144,-0.14170231202031447,-0.016278995058075618,-0.03337046458566546
1.0,1.0,0.17077737250454122,0.1075632384714823,-0.37124736359957844,0.29804464854361,1.3606910813960051
-0.6372402301432709,-0.8290979437582244,-0.029820291005698996,0.4473591928511628,-1.0,-0.592052103785595,0.196195148941664
0.2090666882753467,1.0,-1.0,-0.7109718256769345,-0.9460271569263947,0.5644364541711722,7.3862113841227615
0.08500339938301499,0.6208078224271674,0.6642270726769381,0.6019814088706688,-1.0,-1.0,2.2411750074428913
0.7882079948478613,0.9246225753552533,0.38586584807300467,0.6503825145564102,-0.5204133577410042,0.3069005849133445,1.3855648316877167
0.48908614351949065,1.0,-0.07485356794071596,1.0,0.1590438549408023,-0.410575797115356,1.114535396669378
0.8610950608343411,0.12624447300142472,-0.6793970200380315,-0.5592323850582291,0.08937829922346863,1.0,3.373783190929195
0.5649555689675863,0.9934315383126845,0.6049097365962411,1.0,1.0,0.35774355480111675,-3.8251345364248905
-0.3966935928536157,-0.96231674657505,-0.5913536758637747,-0.7568249932092499,-0.11211867631394057,-0.6940501711696585,-0.008239141404905448
1.0,1.0,0.6359186397704827,0.7577420650282408,1.0,-0.055366492978785375,-3.8795567761568304
0.7449714649647046,0.8929616414627526,-0.34037056560913465,-0.03687463264012775,0.42032243237265626,-1.0,1.4687854651815595
1.0,1.0,0.7054792387791726,1.0,-0.25658824870080976,-0.5036492703226647,1.8980076495755613
0.9763527396491951,0.27121227532645764,0.4130850885832421,-1.0,-0.32714175808935253,-0.05973078352448069,1.185149370555873
1.0,0.9194061396037531,-0.5656807946487545,0.5563758778135452,-1.0,-0.5152825626547937,5.136181781329318
0.976143693486478,1.0,-0.6220631589405201,0.30245542763969857,-1.0,-0.46399874984617884,6.002958634955882
-0.8335731022335244,-1.0,-1.0,-0.7916061452947907,0.11594408341941825,0.742447679563878,-2.9393339799986733
0.7445189234274954,1.0,1.0,0.38617308047725085,-0.007521289181872726,-0.405618683225584,-2.1580827181933153
0.9102105903562322,-0.9090152165577734,0.2885508324965662,-0.8263536999595074,-0.11956549616085407,-0.4337856128524629,4.490123203342481
-0.6808868629455095,1.0,0.7015064975192383,0.3437866288132759,-0.4684752617387275,-0.1526830599334681,-2.7262723386082213
0.7064736714463957,0.5155843690833658,0.6438896796922375,0.3491379324001368,0.7541610363698618,-0.6572328891078912,0.563909660917333
0.848617197920376,0.39475854245799247,1.0,1.0,0.9392405554925303,0.9790239618046708,-5.483926083657764
0.02638482092568621,-0.1035569522182256,-0.8617126320908012,0.03483002053120182,1.0,1.0,6.026243400350376
0.5480863601613635,0.6320340685631867,1.0,1.0,0.37073470662093977,1.0,-3.6552771168438656
-1.0,0.7916781537516344,-0.6286452684537198,-0.5865650780908414,-1.0,0.2588950689472487,0.2905157426407792
0.13624737111852192,-0.5159303224995445,-0.23867681500281135,-0.48140782859655046,0.265274072138234,-0.46917713113125603,0.49631716585816527
0.4020006875567858,-1.0,0.6956192157429306,-0.8185515301354289,0.07495552323190535,0.1303242260951436,0.34159329818156026
0.7172944196024817,1.0,1.0,0.25985022951793146,1.0,0.8176829999365143,-5.067491818652036
1.0,-0.39300832689670584,1.0,0.16528515254873788,-0.2952653101746731,-0.7427519521497431,4.7944412643726135
0.6643287779159237,0.58241850472177,1.0,0.7679481507723882,-0.6827897998003085,-0.17840420028425608,2.1860596999518815
0.6323797317819437,0.16437763057614518,-0.3789569611275816,-0.7122541711770652,-1.0,-0.7748612093085113,3.5000353171970486
-0.3677228708236012,0.10777189876121837,0.7254570487661841,0.5803432809618929,0.9312744172039487,0.1695572016765408,0.6634711150610225
-0.30014181382426774,-0.2038367878870475,-0.24247041490140553,-1.0,-1.0,-0.7685339435210103,2.417469062136505
1.0,0.7283165070640236,0.5136710673664113,1.0,0.37254837554163434,-0.30922402874211075,-0.25540177123326235
-0.5486556556445504,-0.0634812173915997,-1.0,-0.4725065619647859,-0.561749484281213,0.7209531405255138,2.764002623685067
0.28737657867007693,1.0,0.2483216622283564,-0.030320888488765407,0.9692226838307085,0.7718744516965039,3.289671830742141
-1.0,-0.5467992628728813,0.6471298002577677,-1.0,-0.13387865746770566,0.3479450146866807,-2.2699850418507985
-1.0,-1.0,-0.10085646289513317,-0.9719059971225753,-0.21200761263704082,0.6363299994663775,-3.4726762662053936
-0.7229594651608497,-1.0,-1.0,-0.4789594692635295,0.11945679962428132,1.0,1.0774519002574
-1.0,-1.0,-1.0,-1.0,-0.9202413995804253,0.18156925935178642,-3.585874926194226
-0.9120328067693897,-1.0,-0.03649275852082573,-0.7619059638736241,-1.0,-0.7648387186372326,3.12044713391815
-0.6907463489057715,-0.9080806029456856,-0.6079379397356923,-1.0,-0.25091734375515395,-0.04975026412812983,-2.534777393772454
-1.0,-1.0,-1.0,-1.0,1.0,1.0,-1.9325203705594034
-1.0,-0.05890204468629201,0.3643415283572845,-1.0,-0.04020265942491241,1.0,-0.7439033378033406
-0.8563094263528758,0.440444613246521,-0.040109049805750585,-0.09814631609802149,-0.34054498150399415,-0.2580728671588799,-0.7879501173000514
0.7339630070957737,1.0,1.0,0.6971922827005936,0.603155938032151,0.403538386849281,-5.963414668060545
0.3749077106008496,1.0,0.9508209680741254,0.6850571516338606,0.9274580836518709,-0.19663319475204233,-3.6954542671231745
0.9324331608926208,-0.2987850579778656,0.3419401540126099,0.27693694226953847,-1.0,-1.0,7.734673755521639
-1.0,-0.667905078991897,-1.0,-1.0,-0.8125796063344488,1.0,3.7837938005833682
-0.46532849419890965,-0.8391579141692562,-1.0,-1.0,1.0,0.6692793372482724,-2.3657733009205835
0.29401978558733255,-0.35935328713571635,1.0,1.0,0.011768779732890478,1.0,-2.4814749511528666
0.36309724917988045,0.7207616833624271,0.08319732711814831,-0.8812759911465597,0.23100234258215163,0.8838413443540064,3.7953772022614025
0.4703884684159687,1.0,0.283713279217275,0.7331309986991077,-0.4196318481196931,-0.7598281937589356,3.7825442238598868
1.0,-0.13723220416017012,1.0,0.6958206909937213,-0.5290684755870432,0.4422321602729351,0.5524665937521821
-0.8756916561208958,1.0,0.3920503673235652,1.0,0.8162336172589115,-0.8532193879278879,0.07278479924791248
0.37027156742827316,0.09001986693418851,-0.2893008310505787,-0.412720637929275,-0.7459204821868937,-0.475243832577234,0.9911046421764806
-0.9578441384202898,0.29470909996105155,1.0,0.5956356787811399,-1.0,-0.2476860869678239,-2.291948779068685
-0.455122336931008,-0.9337503914939297,0.7456478500188835,-0.3956149374144639,-0.18607169072890062,-0.29220072187857976,1.8475033022118188
-0.4273645228648282,-1.0,0.3881006405156613,0.22413633385062215,0.6303723870895,0.9018547310450126,2.301663659246716
-0.4476738442148606,-1.0,0.9422261738614792,0.9971609898569537,1.0,-0.18779919970464165,-0.1549747306027882
-0.49043392586334794,-1.0,-0.5442048783499311,1.0,1.0,-0.6558222023227822,-2.2997466865194087
0.48346252672773615,1.0,1.0,1.0,0.2043228642253948,-0.18124570237174675,-3.066749607069696
0.5424709604801432,0.45779067165269893,0.18025843755310023,1.0,0.05974862333559618,0.1858679315181796,0.028157592204840737
0.2649614770018264,0.058724336890512374,1.0,-0.5569975264072492,0.8211972250956112,1.0,-2.0645085490297688
0.7919942178843503,-0.033674317080655936,0.4454990904529429,0.31146045365978486,-0.5400519678938984,0.5712542041231423,1.5919067959816715
-0.18367769308317936,-1.0,0.4925029736373996,-0.18531485414408722,0.7284789289260274,1.0,2.647328865116043
-1.0,0.03310272145170634,-1.0,-0.1961424566258474,-0.2646308289397772,0.3774991200858647,-0.7646808932502431
1.0,0.4792138857321435,1.0,0.6232237170616104,-0.9267840116464102,-0.35966409017766887,4.899571337710529
-0.21809255340183986,-0.8607659546864024,0.025736914752029105,-0.5084498675209788,1.0,-0.08992777129968127,0.9531062050577526
0.938602953990983,0.33720505501929554,-0.1760936200281648,1.0,0.8918319859880115,-0.6317579179371915,-1.709193518810377
1.0,-0.1289270201977331,-0.6620903163168801,0.0556232606785817,1.0,0.8807887464344941,-1.657033530989512
0.06031297246854184,1.0,0.9470741891091901,1.0,-0.42522074114614006,0.6477878561270218,-4.218128147761874
-0.7860858488183539,-1.0,1.0,0.37484143165892403,-0.9223579234868577,-0.2221187196317047,1.6302766546654675
0.06986894148426681,0.9457403225195256,0.8706119121545948,0.38103500133956314,0.8994024675441854,-0.5382739195406256,-1.040272521946933
1.0,0.6879962401270017,0.7924589828338793,1.0,0.4256967137665808,1.0,-3.4063559376445434
0.599728277508013,-0.27124832768062285,0.19571171069232915,1.0,1.0,0.5447710643170078,-1.039254843969025
0.34921691875241145,-1.0,0.6404578966214689,-0.7543242703396282,-1.0,-0.4426473664735021,8.806480716948226
0.6932130789819992,0.4164630316523801,1.0,0.8099498407360293,1.0,-0.4296032444448179,-1.9735989516759398
0.06467699822256678,0.3014194482900236,-1.0,-1.0,-0.5972808588677927,-0.6363239016491886,0.07962680861441229
1.0,1.0,-0.08532946122137708,-0.07813247649367447,-0.31852141976918347,-0.9640995937965977,3.5601473841960276
1.0,1.0,0.9901295921010713,-0.16570703062527958,0.4056722960584789,-0.9014838757652162,-1.6840202634836587
0.3135516981199833,1.0,0.43331821480520105,1.0,0.8043464818930643,0.820973089717397,-1.1184650062138273
-0.31748683821877316,-1.0,-1.0,-1.0,-0.2354352460336464,0.3999738228202042,-3.4015685355817222
0.6522497319784397,-0.43759722668735135,0.9680437879638693,0.08858018587658206,-1.0,0.3412490879554313,1.5485121960108494
0.297498403366234,0.902778369701098,0.5449814211068118,1.0,-0.8981992514235637,0.3913618955007573,1.2783855975058631
-0.0962752251160246,0.6632982648445989,0.898681231109738,1.0,0.4444450678098419,0.2980385401593378,-3.535345038049037
-0.20373157714270207,-1.0,-0.5684956168407004,0.04842313886740219,0.0684846401080399,-0.06581497941777908,-2.367086910095659
-0.9376527663532372,-0.25414038379661175,0.7858826920460403,0.781182170440834,-0.9542342595014314,-1.0,-0.6689344384667036
-1.0,-1.0,-0.1763584328521125,1.0,0.5961631889980201,0.9203781828866661,0.1930962810992196
-0.4236543535945708,0.63870062311318,-1.0,1.0,0.8191452512931803,-0.5610088522331544,-0.2982864803077911
-1.0,-1.0,-0.6170365888845599,-1.0,-1.0,0.24880246382444715,-0.8272695930966609
-0.7992548258930681,0.30530358291598786,0.284109655364279,-0.2848242206872919,-1.0,-1.0,-1.7416079850844408
0.08102510093059129,-0.42498976882312006,-0.029359161787839816,-0.16384025994596568,0.011698406896148983,1.0,1.358830978862061
-1.0,0.08167441057333202,-0.26230318047538104,-0.01152405437173143,0.11184604373660317,-1.0,3.0785261127318893
-0.4380042331235056,-0.7927727392776069,1.0,-0.4671318709497866,0.019034459240308943,0.5256976454492825,-0.5652293307401575
0.009393198570226552,0.3292233096025635,1.0,-0.5868396201463804,-1.0,-0.9256977921162285,-1.7857755963570272
0.3093534581254588,0.12310249748382365,0.5429360269747724,0.08197922289621751,-1.0,-1.0,2.873368708169456
1.0,0.27537339947180023,-0.4417167572536901,1.0,-1.0,0.6771488673114074,4.209316392290242
-0.6266179414016914,-1.0,-0.8649365030269018,-0.6767713108379202,-1.0,-0.5237256326931407,-0.3038786995943485
-0.11239142020360249,-1.0,0.3454449268762727,-0.8732628919647905,0.30666015507394495,1.0,-1.4325450148326624
0.9240558759288138,0.43357475686263636,-0.38524271692748374,0.12408685192853786,-1.0,-1.0,4.325525055728257
0.6840156414403229,-0.42861714376416393,0.3187148302718329,-0.23230797436929318,-0.8638937571818749,-0.6595008269561382,3.7401639171553436
1.0,0.21447585433905725,0.3023804202973458,0.8444337486047293,-0.3689219291846163,-0.5769689312625711,3.0770735555309767
0.1071089249565137,-0.9234331348821276,-0.11958450413670885,-1.0,-0.6963392286424509,0.4757770098000748,2.8528596143925014
-0.2108940007042888,-0.07315326628334962,0.05282919029544342,-0.3153480083387122,1.0,1.0,4.201805114101638
0.8468408852718474,-0.2619610140123923,1.0,0.22786512004116632,0.6041430492831521,0.9484906286114335,-4.643528413520385
0.3046943674841953,1.0,1.0,1.0,0.28040705798461535,0.9653307479716069,-7.067005519040411
0.5567997296693566,-0.03807248518892181,1.0,0.21726987093005384,0.4030555069404391,1.0,-2.6382793069597588
-1.0,-0.5510945468929729,-0.7735658483306229,-0.2179396760221075,-0.29878892450062444,0.4254630620991866,-0.5808102885599685
-0.12512867647965503,-0.049426501602690145,0.28304360456377575,-0.2602351178919001,-1.0,-1.0,1.874723280604246
-0.47007033362928685,-1.0,-0.6323222274208573,-0.3908425427294111,1.0,-0.6291643560953779,0.23364019790324853
0.9409886269553727,1.0,0.8426882679344696,0.7063928592029998,-0.1849317030910327,0.6974308612595315,-3.1283886161788335
0.6992182676210705,0.9556220179513744,0.4672619663366947,0.2994114802804104,0.21753892532045616,1.0,1.1094310343868665
-0.03229359315714313,-0.12894486289748686,1.0,0.75255326842674,-0.5573911621878084,-0.5758847573878394,-0.2493633053408703
-0.9930571404541831,-0.7637181429447288,0.06931856575627382,-1.0,-0.782927972947306,-0.46611325159688866,1.6798795720553845
0.9972405871341679,0.3406919466629633,-1.0,-0.22090767495717822,0.7632208226387958,0.2140235620688875,-2.138489922129321
-0.6054538696411262,-0.19867849750268096,-0.9286690916031644,-1.0,0.7587831958495019,-0.023647729844762558,-0.6616427011633248
-0.6247041125271269,0.35313216127565433,1.0,1.0,-0.2674595003364877,0.3954714215654955,-2.2360483626777423
-1.0,-0.8808070950192881,-1.0,-1.0,0.6706437878416671,1.0,-0.3586233533559653
1.0,0.21109674833632608,0.12262294801051274,0.6804041655808007,0.5670271356340033,-0.48867093629553976,-0.41569555277584913
-0.7305075434901791,-1.0,-0.43160186829350033,-0.5417122611131904,0.8846675148820762,-0.03451604222205795,-0.579989094865151
0.8851492907400986,0.09203446891676884,0.7486189162041658,0.2888032875618415,-0.08154908295085861,0.4640675194114169,-0.04924017757702018
-0.2833284349011051,0.7999347696840056,-0.5356568627886698,0.23233606601473866,0.82444902490918,-0.3188094830427465,1.4707908447161342
-1.0,-1.0,-1.0,-0.9003850681995016,-1.0,-0.8591982079617371,2.8084670822502233
0.9338520346197385,0.03906428572785403,1.0,0.05915699826661003,-0.4681058580592071,-0.6635526720056706,4.030633285454515
0.035568467439269,-0.7594196116109926,0.13034169683936003,0.1395379863365661,0.24857766909970533,-0.7027668418488535,2.4403998596985397
0.7573552758241437,1.0,1.0,1.0,1.0,0.5598229294100641,-9.090904272027405
-0.9294258598827744,-1.0,0.3712341417246759,-0.4945994447951214,0.47879832619114604,-0.2754692945128855,3.4423116434418204
0.2456938067540827,0.15770765749553017,0.9288759964615751,0.8788545501093958,-1.0,-0.8644647483151386,2.196714973859219
-0.7680771173149493,-0.16173968284311793,-0.1086761263741044,-0.4090812866295574,0.7677019813783805,-0.049916452408888035,0.6046451798879693
0.6438153173772194,-1.0,-0.24751932374336988,-0.9492185343219893,0.9349240293443513,1.0,-1.7893634769613398
1.0,0.08244987577576657,0.23261278089236015,1.0,1.0,1.0,0.5003561400610617
-1.0,-0.6639008924453018,-0.803996612005786,-0.47306636178279393,1.0,-0.656842989901105,1.8059789757664007
-0.39469652180296877,0.8071365475906891,-0.3508480680734392,0.2339356299730766,-0.749830401027995,0.7663011528654771,2.137552655617216
-1.0,-1.0,0.0729956139505129,-0.5047445329336145,-0.3377754062971019,-1.0,4.586678415416812
-0.2992203349758736,-1.0,1.0,-0.13976395386740603,1.0,0.8538881479866527,0.4961651013304243
0.5120259205615234,0.742469923987385,0.9509075079906816,-0.7634565124520922,0.7542746171196286,0.5348046675534023,-1.5102282282784765
0.5765882899263004,0.30105210510653946,0.7527803116263568,0.1683894946398583,-0.8836142919767203,0.8479894029538835,2.8938060294274415
-0.4557891091672538,-0.5945142989477943,-1.0,-1.0,0.029810209507314278,1.0,3.332282748440347
0.6891955427034377,-0.6463698318888085,-0.3379853518660551,-0.46510032766802206,0.7296366935320937,0.35522646146857717,-0.9530809699533986
-1.0,-0.5156870342360328,0.27817630531053683,-0.21848034199827815,-0.2074586516343332,-1.0,3.5392592220155623
-0.29748194364887026,0.2605579434897059,0.6129944019611908,1.0,-0.2085512400987075,-0.2113975395649123,0.022877348707392775
-0.118763234629083,-1.0,-0.7212312353365196,-1.0,1.0,0.6152229437269704,-2.43285712525058
-0.9770801278143936,-0.03252041122530519,0.3792527597487837,-0.5698126822701047,0.6785628588658359,-0.3175923459175819,2.379162463140842
-0.8327282566050742,0.49423460573821976,-0.14714273161466443,0.2059764720112165,0.26362280923506776,-0.8398115664824415,2.209626478386403
0.770406718211037,0.6162632215053083,0.4493383399391693,0.5928161931792871,-1.0,0.0879813109934463,1.734201579099014
0.5572702930843172,-0.5962033510633296,-1.0,1.0,-0.4373184057029117,-0.519065593791008,-0.8109520065236449
-1.0,-1.0,-0.8354528474376217,-0.5358617493703637,-0.048416391339005965,0.19692597663996023,-4.554426972222642
1.0,0.5723675077117345,-0.5403448896805481,0.6595422035640617,1.0,0.8887856457574335,0.1415201445461125
0.22855977820699547,1.0,1.0,0.9247792546975957,-0.27619170572775376,0.495330968083295,-3.2790689820668484
-1.0,-0.8427596044562327,-1.0,-1.0,-0.25221078612089554,-0.2839781110042509,-3.2202505085601723
-0.06066310661859167,1.0,-0.9573202500291886,-0.7658465204891807,-1.0,-0.8302508929080854,1.4444298909227935
-0.398868614973663,-0.06771352294906702,1.0,-0.22961950751376303,-0.025576313932194727,-1.0,2.0211281514652564
-1.0,-0.7767018338263005,-1.0,-0.3584401538649622,-1.0,0.6939678201757782,-0.6623630744758648
-1.0,-0.9621552718698371,-0.4219635052300998,-0.2436189471995303,-0.27710751978492554,0.36842462704431467,-2.461840278223504
0.4011564657921256,-0.32633630872078484,1.0,0.6269174759153859,1.0,0.6831032734913491,-3.385404344129241
0.32697960703853846,0.5491759027997363,1.0,-0.1368762290222603,1.0,0.04379058169297245,-2.0537043980997307
-1.0,-0.8485944896440609,-1.0,0.6152462083407124,0.2846712796237405,-1.0,3.572689039567725
-1.0,-0.9352113468027599,0.17340455097429797,-0.345886878442734,1.0,1.0,2.4369703762711694
1.0,0.21253188236374743,0.9800397692255725,0.9902756942564331,0.26342104153704815,0.30012842878718393,-2.7291769409029665
-0.8263203335915484,-1.0,-1.0,-0.9391320647636667,0.9730115988618052,-0.3381613321716104,-5.468126491815645
-0.4988835180102013,-0.8464887347519061,-1.0,0.5236851502458968,1.0,1.0,6.640565066326889
1.0,0.7309468999412628,0.3233520864162701,1.0,-0.9197101456294616,-0.29209924301694307,4.814754882057177
1.0,1.0,-0.5760666166365447,0.5251653033356123,-1.0,-1.0,7.497449156845565
-0.2565256011237078,-0.17598937514715085,-1.0,-0.6036111774934623,1.0,-0.3095220903668283,-0.8203820656108818
-1.0,-1.0,-1.0,-1.0,1.0,0.7454199756294142,-5.331623221156927
-0.07566681447000276,0.009306310921626593,1.0,0.2853532994397818,-1.0,-1.0,0.28452459974312466
0.49024649734810843,0.9705258594261279,1.0,0.3914544959418922,-0.7221046601428153,0.4109859247266451,-1.922873267718297
0.1556731896515975,-0.21976438598702908,-0.1868625731534055,0.4853743703601511,0.35073672892186286,1.0,2.6887939365837843
1.0,-0.06043288539436775,-0.8622460908505747,0.6123564977126769,1.0,-0.517360356891811,-3.7892396385156406
0.7847159017000203,1.0,-0.26093797133916713,-0.019410325991777,1.0,1.0,3.7700269603840386
-0.6524531338005601,0.13792677603592907,-0.40006710674471463,0.45114872573635284,1.0,-0.47733151630270054,2.2881297916980503
-1.0,-1.0,-1.0,-1.0,0.7078318807029831,0.05817813860706855,-7.245959154598453
-0.496068804266323,-0.4061338999460476,0.06219881498593449,0.22435531990625043,0.1966696751098559,0.27686485296229596,-0.3233704718388133
0.5622743412267368,1.0,1.0,0.4077147242684984,0.13271354670103028,-0.34095268391713845,-2.566403223948125
0.9137264698430199,0.8303146995703763,1.0,-0.6396704144133911,0.17922925264842793,-1.0,-1.5019483692515312
0.8996983659846625,0.39835528991899016,1.0,0.3443262253214001,0.5800138670540675,0.2314104716726897,-2.3660180300876306
0.04839020431606267,0.42195198396969325,-0.4991128690347154,0.5970617022531984,0.6307747564645275,1.0,4.986694563775375
-0.22353570246480808,-0.2519857312287426,0.1885249731645947,0.39592722975864847,-0.19292926215041217,-0.26359597944033836,-0.8003662518443175
-1.0,0.923576545804636,0.546106918227833,-0.6726344526519411,1.0,1.0,3.466395907741446
0.6720020890210368,-0.28824624350865513,0.4519380403185953,1.0,-0.11457575355205199,0.8330360685297296,2.120870320260609
1.0,1.0,1.0,1.0,-0.9345205093189323,-1.0,7.274365969256006
-1.0,0.15830813856579973,-0.24159604926965383,-0.8873280106812784,0.5518643353128054,0.3492577144771709,2.1771624303880697
-0.7709655336855095,-0.021109001601243293,-1.0,-1.0,0.7639902558935924,1.0,7.762585328529152
-0.5987656495117955,-0.38959889701387906,0.33178152428611274,-0.24616372873262865,0.903450343901592,0.8519095487464244,2.35395069168704
-0.27172578735135144,-0.8430150440520607,-0.7135780840450765,-1.0,-0.6273805103707445,0.539280089275084,-0.9886596410092647
1.0,1.0,0.02780572636988521,0.4441391475704819,0.4179184461654711,0.6579544853894881,0.3497204165647048
1.0,1.0,1.0,1.0,-0.7003759957933068,0.6645161527179513,-0.027008275356487532
0.5260670255455122,1.0,0.6065686678233126,0.6675142852811251,-0.07859282172484156,0.2600405404005468,-1.7118158242956771
-0.2234392302405988,-1.0,0.1720855643910929,0.9582320991263646,0.4767761883841359,-0.06362756804254305,0.6078234679595371
-0.6449033317405937,-0.2798391133794682,-0.7229667987655122,-1.0,0.16496502016165027,-0.09624610244799592,-0.11186597989126335
-0.03207544766144066,-0.2920112405535184,-0.03163761517234609,0.5330841655451626,-1.0,-0.6891586606330706,1.5507658398548452
1.0,1.0,1.0,0.0996743467743042,-1.0,-0.7580926647177405,3.656642539827828
-1.0,-1.0,0.7286207575513597,-0.18191188868108976,-0.3496916576357375,-1.0,5.77808743295928
-0.12614302041122305,-1.0,-1.0,-0.5646012562205248,0.22249620945037174,0.045906239134662685,-3.298864088374455
-1.0,-1.0,-1.0,-0.029305412187929925,-1.0,-0.6033810203975161,-5.016101435077379
0.2667491846557378,-0.3863463324314609,1.0,1.0,-0.033932643729559606,-1.0,0.8873297179761938
-0.5098550195366421,-1.0,-0.7260672295564335,0.36785707898756526,0.3509987762958285,-0.08670168356754243,-2.348996893053576
1.0,1.0,1.0,0.16674945250021755,1.0,0.1332793310784665,-5.548395806788038
-0.44188213080985705,-0.41125131068803933,-0.003884289128050944,-1.0,-0.9034357198139784,-1.0,4.092516981298568
-1.0,-0.10171794022150099,0.03193468014397871,-0.08612365864426796,-1.0,0.9649808210836257,-1.3296849363951238
-0.6673648609656925,0.05155303780850046,1.0,-0.5005027765953975,0.9989977118779224,1.0,-0.706117354980838
0.9148122485011115,-0.5503484552715867,-0.2698094925239547,0.3151139449854441,-1.0,-0.20808292357950098,3.065166603241499
-1.0,-1.0,-0.19460253960651075,-0.3621137269855874,0.7473201593320367,0.2898476120510617,1.0899946130419171
0.18947853790818095,0.5651660077060877,0.4317508650195876,-0.8162803147323898,-0.6739500423041008,0.07790817484054796,0.7786257148383076
0.6031122276812584,-0.34479742950182807,0.48738187299479346,0.22181273536662038,0.03755625139099639,1.0,0.652549107058864
-1.0,-0.10718403183695768,-1.0,0.7973127021997706,1.0,-0.59017273886185,0.4241564926537571
1.0,0.2897058458385595,1.0,0.8781032300962643,-1.0,-0.24665374784930783,4.6353811711127335
0.5051527004939412,0.05982449598187389,-0.1794918234456893,0.13335010971207117,-0.012129310206554722,-1.0,2.62219510256808
-0.5573410890997289,-0.5528560394165094,-0.5585393848288955,-1.0,0.0974499023215113,-1.0,2.8613282858046376
-0.1813434128162218,-0.2358521492477344,-0.07003592486261781,0.4751838775042255,-0.6911883195424764,-0.35363481090089577,-0.9106447404016049
-1.0,-0.013813367381488417,-1.0,-1.0,1.0,1.0,9.383917044940466
-0.4517034735945591,-0.05536073793892271,-0.7121839184056346,0.48054135537756515,-0.9333402989717818,-0.3339365863035231,-1.7352203915372333
0.6754941550406157,-0.6699310802241678,-1.0,-0.35271302081001643,-0.597060055307332,-0.41475259052406344,1.2792541204035228
-0.37674806793987975,0.7331755452539673,0.47505578773025214,0.16123136762232304,1.0,-0.1863608486259345,0.5150985250227167
-0.02811126912133166,0.03730669795233843,-0.11194790451701708,-0.531678678043611,-1.0,-0.9691004535902308,1.7305411778404707
0.17546685857806155,-0.8809090931937764,-0.3099548048554372,-1.0,-1.0,-0.2451171623880668,5.963367807970436
-0.023823470440941796,0.41218360806348375,0.31741441238460744,0.4194336987871159,-0.6557100594846531,-0.8248263542629868,2.864560224414621
0.2471085175559593,-0.44194019113924704,0.9343663650044342,0.20950900720969215,-0.5360998664473446,-1.0,3.125257618067619
0.5486734876942712,1.0,-0.15939369389365327,-0.9125800101520598,1.0,1.0,7.409595638792706
0.9779923942952438,0.08122592393618037,-0.4781892905984123,-0.09734707965381706,0.3207767026634319,0.4154660326116174,-1.1648113889626712
-1.0,-1.0,-1.0,-1.0,1.0,0.7175995884086663,-5.202563712944348
0.5281526024942504,1.0,0.23776327157027843,1.0,0.21230950877570776,-0.6787679148807201,1.6235723430976656
-0.5140859338357014,0.0577143509389935,-0.6503178608594555,-1.0,0.5485881178273271,0.08873243555889768,1.4470816927858006
0.4996382081459497,0.0705520893851001,-0.5063425837571882,0.09385167193868513,-0.9772255795846756,-1.0,3.337000485791263
-0.26794002669607986,0.4697837560338668,0.29904968493689765,-0.6554387285309868,-0.7823743002441712,0.9459430205291819,3.1617222072055675
1.0,1.0,1.0,0.760915702492124,-0.6248257480918094,-1.0,5.423268350878938
-1.0,0.14056374923942072,-0.06602214534324695,-0.4704751185147945,-0.8148566321321086,1.0,-0.2336230098046541
1.0,-0.4419428140408277,0.4535120763354656,-0.2571430674010295,-0.17091746693669863,-1.0,7.12845416091076
-0.8457124945697837,-1.0,-1.0,-1.0,-0.27417221189374785,-0.7767754177334488,-0.8290707809869557
0.7237789483204311,0.7719664661463461,1.0,0.26319024200113694,0.13278455920449295,0.9539077101692304,-3.031531673648005
1.0,-0.46460706866982804,0.06902832286548033,-0.5900317401150753,0.9832787225148599,-0.5535326849623985,0.7949606184759789
0.4983136640727315,0.1826909741257577,1.0,1.0,-0.506611105800412,0.0056810458340575964,-0.10345208452789628
-0.9694374992607733,-0.11953012757530024,-0.6372729040260938,-1.0,-0.3908548916378518,-0.7998217835844921,1.2704001077403158
1.0,1.0,0.12683764279502652,1.0,-0.8027639965270321,-1.0,9.87910874372408
-0.5535368353638277,-1.0,-0.6468511518179494,-0.8327079070968908,-1.0,-0.8008885444587,2.6591437740457717
-0.14505075631708353,-0.16847116988726596,0.9311539443035884,-0.9671689729186436,1.0,-0.06283394665103348,0.32769844309581986
0.33887691604877634,1.0,1.0,0.45400303682486265,0.27905451600406284,-1.0,-1.5132672207931086
-0.5359664874037937,0.20896389301050233,-0.44823400743286745,-1.0,0.25716257212261906,1.0,4.982233801794571
-1.0,-1.0,-1.0,-0.6121649135601415,0.31177792717523506,-0.9269461523531065,1.4504832382078738
-0.2517145427071244,-1.0,0.3596954810989986,0.21198267274927496,0.4857598748234776,0.5464202442229875,1.670482157278311
0.1383635246240611,0.859235472693014,-0.27417923448660075,0.38013716955660404,-0.4300630937461657,0.6547552285762951,3.355916831684353
1.0,1.0,0.5817595021306067,0.2317207012676903,-0.545820995097045,-1.0,5.612044193216489
-0.26017218706034617,1.0,0.8331365779523888,0.37509456227213644,0.5435938233585782,0.14253312613452873,-2.3355182843275784
0.13293870979021927,0.48338433767276223,-0.8356573402397472,-1.0,1.0,0.32704810278435925,2.255239698453542
1.0,0.006039797877202491,1.0,0.3060684789480008,0.5649932572331374,-0.9461861971639252,-0.17124591749370513
-0.49963115697237903,0.8680103265342073,0.6308012672396606,-0.6158059200578816,-0.8123529511801868,-0.5500122821143156,-2.478154894643609
1.0,1.0,-0.34711479480336527,0.007315125328773764,-1.0,-0.613801864323164,4.45355486629462
-0.3595018083631677,-0.06061299514143312,-0.4983372602834442,0.4440087924263494,-0.29591511048004565,-0.4152092829298146,0.1950153988868094
-0.18307709715432585,-1.0,-0.7762216999500329,-1.0,1.0,0.5898913656226019,-3.2523287412265747
0.3641373097307309,0.4708192256500847,1.0,1.0,0.3439560840543592,0.1945721917390415,-3.3138477992129185
-0.24869606998547578,0.25940633993619444,-1.0,-1.0,0.9340550211193211,0.11936318295607473,0.5728637949959439
-0.29349527328092384,-1.0,-0.9545143370217726,0.7398079567549725,-1.0,-1.0,-1.1846387226880877
-1.0,-1.0,-0.4424230280037106,0.2946208217200996,-0.10155684216499046,0.5800974347811589,-1.47197031096569
1.0,-0.2397602240244161,-0.2423701406597043,0.20131285029528947,-0.13350331087996833,-1.0,4.840015284335158
1.0,-0.054070041650105906,1.0,-0.7454855059358143,0.6206697751241622,0.33514411304077507,-3.499039650938818
0.6944348364431248,0.11581335079695232,0.5304057967984019,0.4102546033440171,0.06942681561607278,0.6843973533780607,-0.2075288098509661
0.376004330158667,-0.5339078789956058,-0.19404094275204153,0.7662685107355278,-0.49564330191125383,0.31168867751655904,0.07184598349034732
0.8493398174377765,0.6820678616572784,0.5926754591022999,-0.1583673048132641,1.0,0.6254633480048284,-2.3545974825838307
1.0,0.9094140246048901,0.6509614220641124,1.0,-1.0,-0.06751269175297225,4.50612107637009
1.0,1.0,-0.5038104124247421,-0.056052947105462936,0.5633791202739213,-0.8256551554657482,0.15118502457938918
0.32587359491329226,-0.6673589494613525,1.0,0.28602495182855137,-0.5566346732732441,-0.26726035820761485,2.023913378504891
1.0,-0.25425159519864693,0.8258308204294594,0.24821797253248135,0.855388559582791,0.5354069874905748,-4.130852906831982
0.1888354094722759,-0.28323560273285797,-0.49028669380762707,0.619801363262714,0.09346534978860332,1.0,4.045599039700304
1.0,0.9763135809251049,1.0,0.900184112290926,0.6130932090087537,1.0,-7.733510170426943
-1.0,-0.7888659665454789,-1.0,-0.7517283734141471,-0.2913068954371848,0.587895754055296,-3.3417170252790678
0.5615267565191759,0.29164711183874115,-0.3391865790065212,0.8309408491038076,-1.0,-0.3171259053514208,2.445330649068427
0.17025027230142376,-0.6293364509429573,-1.0,-0.1339144122000857,-0.3147399536658855,-1.0,2.584188420569173
1.0,0.5154469125637238,0.5052966162543477,1.0,1.0,0.47723324805527234,-4.100676771527443
1.0,0.4488750122770019,0.9140743968295346,0.2095463414225367,0.9657981087000418,1.0,-4.05593379215566
-0.08658038466441798,1.0,0.3716472172951236,0.1565261870584952,1.0,-0.0016995123169256665,0.4044587002070702
-0.24367435355687972,-1.0,-0.32184216675126953,-1.0,0.5759102332469184,-0.3072837025592809,-0.018002626950424698
0.04784655657285308,0.9162717252579748,0.11016407684884455,0.6378033045126197,-1.0,-1.0,4.027877160428678
1.0,0.18139039546854563,-0.07935624265161395,0.518948742918698,-1.0,-1.0,7.525452525753669
-0.9974244035134818,-0.3840915563620311,-1.0,-1.0,-0.9225124533056359,-1.0,3.6489985276744514
1.0,0.12242156514573299,0.7151995379383709,0.7175549042424019,1.0,1.0,-3.183672372640731
0.5135199987566526,0.4747641724110011,0.266674884311896,0.7439597309514203,0.27691374634624255,0.4183591937511565,-0.8142624169219532
1.0,-1.0,-1.0,-0.29170592548430374,-0.4218474527325395,-0.10133575608801229,1.4664403053496355
-0.2681490607159675,1.0,-0.7714320978719054,1.0,0.7861458911202084,0.6883124380230912,3.398500148544228
0.47568197312939103,-0.5170843410322399,-1.0,-0.10842766433681938,0.5957091920938801,0.792246585178358,1.0940462245599756
-0.8743976566746698,-1.0,-0.09335117927970699,-0.9265481045412326,-0.9778714204864913,-1.0,6.131440215743171
-0.5693104285266257,0.4667651171364283,0.6088046604273205,0.8888956778304105,-0.4092031314167195,-1.0,2.757033066875519
-0.8117833115401136,-1.0,-1.0,-1.0,0.8377472574260801,1.0,-1.7327028886197553
0.10414446631566165,0.33454269845986806,0.48935986916241103,0.9918226480026466,-0.3820121900157891,-1.0,4.483708319866254
-0.41480735426177606,-1.0,0.02949317215120062,-0.2182950954065294,0.5176432492731993,-0.30263660840827566,0.6316101221753608
-0.02126699612877611,0.7799470212047599,0.028586866560807778,-0.8027207090257159,0.2807631162834334,1.0,3.683362988940383
1.0,0.4085453619717574,-0.5582293754019478,1.0,0.845886763076676,0.0806092636043387,-1.8131978431986122
-0.17509101750932177,-0.03769028122465651,-0.6487289445916278,-1.0,-1.0,-0.7841891936094505,0.49074811001164426
-1.0,-0.5167995368835149,-1.0,-0.23143824294775595,-0.6482225347748203,-1.0,3.596123715498993
-0.6156728714883003,0.3715218099476348,1.0,0.6771294200430288,0.19080689137103918,-0.27733147494545674,0.23305242574463864
0.08747522947392514,1.0,-0.6592765087834835,1.0,0.43838702304676347,0.7563515491036856,2.6741797220801873
1.0,0.1729622630722124,1.0,0.3779218212528138,0.6933647079204801,-0.4524090806842929,-0.7482632158670496
1.0,0.9610072631458275,0.8008086335238782,0.8599240572274438,0.7095766958832601,0.38342280833844333,-6.070667411579684
0.3998640036809398,-0.7919217731013521,0.06816542202776488,0.7261766085312726,0.06732859610470054,0.4368675500074307,0.8013392733175092
-1.0,-0.5959622849665287,0.2625110694274642,-1.0,-0.19091369457715235,-0.013757917021221644,-0.9935257697949491
-0.5175500410193196,0.7263736876261222,0.9973198570077699,0.26167014923158644,-0.6977894268256448,0.49099149810095843,-2.6458780268184516
0.13293737959582005,0.654326147032054,-0.7201997747448112,-1.0,0.1427248599309123,-1.0,0.5420213202843165
0.16669708860138743,-0.3314018341429758,0.5418159910420615,0.038112007602549736,-1.0,-0.4250639137646719,0.6305072428679451
0.07651362393131478,-1.0,-0.08611512679376532,0.42036903659043784,-1.0,-0.9941299908853432,4.678555547714437
0.6958370652519342,-1.0,0.3757721014020745,-0.5051488870461252,-1.0,-0.16657950549932715,7.088160779634394
0.7599019776330058,0.3823640005368107,-1.0,0.8751413721953232,0.49038394131536256,0.33556916819695515,-2.2342615651581346
-0.6519125867046004,0.6209682148908877,-0.020610989345694275,0.3776434423633679,-1.0,-1.0,-0.9810349313545073
-0.770121107185211,-0.22744712023466163,-1.0,-0.7806117850571248,-0.9291632865035041,0.3124206642569177,-1.0635826209808887
-1.0,-1.0,-1.0,-0.21116346807211928,-1.0,-1.0,1.2799754030018478
-1.0,0.031058612859785145,-0.04246335785850264,1.0,0.5295537760555313,-1.0,4.19616267671652
0.6371803626764536,1.0,0.3525815256613982,1.0,0.0918463136960952,0.7024990630763362,-0.5066695895515372
-0.5038931481682362,-0.6166743665561227,0.02425980402073069,-1.0,0.9787726373170874,1.0,2.28257265944488
-1.0,-0.7190157903329704,-0.29684291590117884,-1.0,0.09518711784480316,-1.0,4.850183601056333
-0.6226223255093775,-0.517095792935965,-0.5383455547951048,-0.6909535879041325,0.7619577350736646,1.0,4.095474718727054
-0.5697739265009159,-0.4534567280054501,-1.0,-0.7815516247818273,-0.34358534840692023,-1.0,4.1192001021039895
-1.0,0.02492337320547433,-0.5818033299205354,-0.4842113849349574,0.06451846083667268,0.3760241571415024,0.049765052426926304
-0.12066145481177382,-1.0,-0.31671423532672005,-0.9503920586898298,0.2031003066855086,1.0,-0.34468565643806487
0.7005845893855444,1.0,-0.5525806749539949,-1.0,0.4179310938721521,1.0,7.224988428035664
0.5313376480018057,0.5317264755249429,-0.24060822474926225,-1.0,0.7634103075833879,-0.26598073292487007,-0.2829700018700062
1.0,0.22923964425943844,0.1405347480225052,1.0,0.6159686800882277,-0.5284255777540807,0.3946552183099055
-0.38180849331561095,-1.0,-1.0,-1.0,-0.8802883792614626,0.41549055574201477,-1.5271144856526515
0.9384474852633372,0.629850840824954,0.21718245802910896,0.5032825949659538,0.9166292894048202,-1.0,1.257008860152928
-1.0,-0.4390733438109839,-1.0,-0.8350954833796764,-1.0,-0.03110917867601737,-2.6608505028509506
-0.5744939367984725,0.3942073860391251,0.03567269076611623,0.11540758846928134,-1.0,1.0,0.23563218906976846
0.3012810834023129,-0.18739852475838292,1.0,-0.5215514197757753,-0.03240286709268003,-0.32716413450756976,0.0666602447189078
1.0,0.3928600670093435,0.033407865604653204,0.7057751507952725,0.32105873968254994,-1.0,3.9790780690611296
-1.0,-1.0,-0.377335924108249,-0.555561400528922,-0.5989312005255595,-0.9451469530756488,2.374945403705997
0.2287207964163845,0.90321384762626,0.07606325122448127,0.4992485793475289,0.9238124597477717,0.948522962270004,3.6867331487131456
-1.0,-0.10965894829587997,-1.0,-0.1567633352511078,0.047438177242580926,0.17420208887505817,-0.1195983837523395
-0.590630221982672,-0.29254754766143765,-1.0,-1.0,1.0,0.12401971514453208,-1.2634318460381522
0.4053377132687298,0.2942814898822194,-0.3018458162217592,-1.0,1.0,-0.1106297874130368,-0.14477063683908575
0.5317698541303568,-0.2437256606397803,0.6664960462493699,-0.30068043486979934,0.6060515898528447,-0.19227486009271846,-0.5241886821596256
-1.0,-0.8699003473113301,0.40792203815876743,-0.7377465216975625,1.0,0.6161515832601994,1.7482835155177199
-1.0,-0.5978368875398395,0.044451998741734,-0.321738977808843,-1.0,-1.0,1.1053445013557917
1.0,1.0,0.7899699623179076,1.0,-0.37912776565858486,-0.16904194338917072,1.2835159834796162
0.8563411724816816,1.0,0.20830998027581477,0.23778097081838867,-0.5364505206588188,-1.0,5.635722950793539
1.0,0.7996334455524059,-1.0,1.0,-0.07332458258547186,-1.0,4.003811336060558
-0.08947691822235886,-0.8887106233836001,0.46697470877870007,-0.4139474717507119,-0.5118805328653879,-0.8353555714567233,3.5600747331597926
-0.9771040674488611,0.7432509149838716,-1.0,-1.0,-0.9589934246055777,-0.47296038724968237,-0.8365777238037061
0.07370406836835974,-1.0,0.4648747043738364,0.24198172121823602,1.0,0.3188887084047132,0.12380559058279528
0.42068936334501084,0.8935168997420022,0.7246430683707028,1.0,-0.6407486031398825,-0.242290339209299,1.1115326607317384
1.0,1.0,0.7746055519787667,1.0,1.0,-0.11253767059496944,-6.073957157914304
1.0,0.34076711217710987,0.9572707690246276,0.8034028291339026,-0.47235725706379417,-0.917540394836116,5.610166523706191
0.8411230235529542,0.5727755448135297,0.3486154663988113,1.0,0.53190078792472,-0.08978226852550919,-2.26120732382069
-0.0692068371064104,0.5555045896708808,0.0774938115356607,1.0,-1.0,-1.0,3.3096012361666993
0.7085405120298544,-0.3296314410571186,-0.7702204518634623,-0.6649926118337225,0.39608458019602866,-0.8980332945542171,0.9530293307271451
0.42364473869871483,-0.7095412046087117,0.8881812394577918,-0.4820637073959521,-0.060282657222742425,0.23379611830412028,0.7259668281362899
1.0,1.0,0.8945759907166833,0.8754110839429107,-0.2281643404835138,-1.0,4.3556093350097465
0.3164072722326039,0.8416066730787248,0.47087792411253293,-0.1794011787276939,0.9828419093378409,0.1267766945675346,-0.5485646653432071
-1.0,-0.23821059001177303,0.10709191159547632,-1.0,0.06989486682010726,0.716073160006721,-1.0231061898083347
-1.0,0.09976974372961611,-0.35302505929606154,-1.0,-1.0,0.8719884456811863,1.2389747791197698
1.0,1.0,1.0,0.9953593562171967,0.4318866419572269,1.0,-8.840622088132477
-0.6436993132077862,-1.0,0.6199939072460325,0.46124955062480233,-1.0,0.21331663442240695,-0.7546177362010132
0.058798830741845554,0.046305163949067585,-0.7270882183431213,-1.0,-0.7450888065159726,1.0,6.257229194623123
-0.4086658598091022,-1.0,0.012149333148077202,-0.3993041660848422,1.0,0.3614417955232687,0.15481066493792928
-0.8537194331387943,-0.25851574124603793,-1.0,-1.0,1.0,1.0,7.208885080799249
-0.23791270781075136,-1.0,1.0,-1.0,-0.0289178791897593,-1.0,7.268097256624878
-0.31190227232245193,0.06676751411080584,-0.45198345829040015,-0.10745510334355657,-1.0,-1.0,-0.7385197934172811
0.18549062622171975,-0.09329259848999993,0.5347697273262089,-1.0,0.535361239525239,-0.08977419895821848,-0.22623093899948735
0.13712456550824248,1.0,0.7262018142760052,1.0,1.0,-0.8365768854272219,-2.90782729729536
-0.342377708724669,-0.10032358567275312,0.9954183180836074,0.4664366828782656,-1.0,-1.0,-0.8121643966334737
1.0,-0.12974240558547034,-0.17428703705308612,-0.6797932714800021,0.22401790733143168,1.0,1.6077582997872406
-0.7025660018189793,0.19167316766827913,-0.6784417208335152,1.0,-0.5989517120790229,-1.0,0.9163589243210386
-1.0,-1.0,-1.0,-0.14604281513061834,-1.0,-0.4171749440915242,-4.758540355529263
0.8137487903766085,0.2902500107150471,1.0,0.06980887547568893,-0.8896314499033805,-0.4557577102449283,3.044338965353713
-0.947005131004083,-1.0,-0.8876550756265269,-1.0,1.0,0.31049684245940723,-5.981198630398094
-0.7646328151404767,-0.11544480832625936,-1.0,-1.0,-0.9055575142958526,-0.13325339130526426,-2.433118021951746
0.5800102945929406,0.9906453944854865,-0.2079470341674549,1.0,1.0,1.0,2.988863838473088
0.8033910120215035,0.6091264544755353,0.8647055462164219,0.5974199680794621,-1.0,-0.10587890884682963,2.535076214429649
0.4123208346724436,-0.1569383823925316,0.30353012854469613,-0.04183381591962443,1.0,-0.10442992692872566,-0.9556835210367894
-0.19301255734500322,-1.0,-0.7178943569003899,0.21176830636113225,0.2344455661467073,-0.8027344308060823,0.4996623768763742
-0.3441994348804338,-0.7384081426199586,-1.0,-0.7270957724551597,-0.040918227023688414,0.6549428240992659,0.2673052051393293
0.4051904299993143,-0.16412996109588368,-0.08894417820466427,-0.4739729373211483,-1.0,-1.0,3.451865532631899
-0.3346271701801933,-0.8861547824959715,-1.0,-0.39082263665048406,0.08287347328671885,-0.30490549482920515,-2.858397712099287
-0.4443079509322809,-1.0,-0.3105411307507613,-0.3436735872211323,-0.5175111844690411,-1.0,3.1962156495824217
-0.39346917295971706,-1.0,-0.33173547510110546,-0.8118030772840057,-0.08745356116323211,-1.0,4.8987467088558
-1.0,0.27079800185575875,-0.8625797767424037,0.49706803726238113,-1.0,-1.0,0.39756014934448447
-0.6961898542584619,-0.4124747216108644,-0.26160174888292187,-1.0,-1.0,-0.5021591212797272,1.0414056079300216
0.18173609526788537,-0.7626360284313666,-0.2765153174927396,0.07828367498715028,0.4370275585451792,1.0,2.1557668307432483
-1.0,-1.0,-0.0852475705045912,-0.8206662131162359,-0.8206889801952925,-1.0,4.175586097102221
-0.23929868188716297,-1.0,-0.3545276003461817,-1.0,1.0,0.18018691579202317,-1.1026669473412802
1.0,0.9405430292677825,0.22309706005052266,-0.07755339460890254,0.15289920664089485,-1.0,2.415967787889659
0.2906603899965938,0.11646691925436647,-0.9215685561461587,0.30589507654418974,-0.7735754717311427,-1.0,1.5910767903283194
-1.0,0.6211552470656635,-1.0,0.6815780331362096,-0.07716233975366604,1.0,7.933384797302578
0.3519529237609025,-1.0,1.0,1.0,-1.0,-0.8753090964097082,6.401195822889093
1.0,0.14154088979969148,1.0,0.2748830118991897,-0.4715312368552048,-1.0,6.524964423827833
-1.0,-0.01797354412527069,-0.20193854556190366,-0.7770902271956444,1.0,-0.11343252236285484,3.827867074761711
-0.048395046769032724,-0.01102622834538075,0.10838597789839512,0.06923946719449492,0.4460247863831158,-0.6404064083891217,2.3152302791563173
-0.15454562990010878,1.0,-0.2609418454102249,0.9513415701828206,0.48538544037235426,0.3194875020982086,0.694649358954834
0.6301750176273069,0.8770547614907982,0.17797413886704594,0.82000881018128,-0.6071560604344088,-0.5900397482971602,3.758210256066216
-1.0,-0.34068423899506195,-0.6512692638107345,-0.40571388198429514,0.5748175780054874,-0.7769165766181235,3.0990351150469886
-1.0,0.13725044605187442,-1.0,0.1011486007155175,-1.0,0.36382454688516175,-2.399415393245211
-0.7850662901628699,0.4742882966540721,-0.08050449868010068,1.0,-1.0,0.807836412294866,-1.211284086952785
0.5808360772224297,0.20980306566401746,-0.4544934283815442,0.41656091666095973,0.2968228886351344,0.6982763058017125,0.5903533084491022
0.3542302036390688,0.20793064076717266,1.0,0.836140522291682,-0.33927807856006387,-1.0,3.0617444572481434
0.44624547684292637,0.7676702949306782,0.2597297898493335,0.9647728848940926,-0.02862990979363733,-0.5585849368769883,2.0770635300701557
0.17203257552989887,-1.0,0.6432637431006287,-1.0,0.3423844215122605,-1.0,8.090415394870757
-0.9534848954165074,0.8086407596088268,0.16143858867960836,-1.0,-0.16023245898588898,-0.7556287334646239,-1.5853162339857754
-1.0,-0.40021866965280606,-0.3920011255543281,-0.43693773815398096,-1.0,-1.0,0.013400468263389448
0.11322825842888073,-0.8854288482116974,-1.0,0.8115003797319791,1.0,-1.0,-3.4095112672209087
0.19577785483783783,0.26827289808268984,-0.6120329739593982,0.5540730092772969,-0.2596396211291597,1.0,4.86409042554201
0.3948926335725547,0.9485962663589297,0.3084704174570556,-0.7897797346916997,-0.028565421597531726,0.6908531777922177,2.1547889871529975
0.007842618904250531,-1.0,-1.0,-1.0,-1.0,0.11952141364769245,2.3219999650042684
1.0,1.0,1.0,1.0,-1.0,1.0,1.7469008903405654
0.4693536873299431,0.9443723352921554,0.6820904008138191,0.3519314668547706,1.0,-0.7235158473213946,-0.7715656544463003
-0.25645225524909626,1.0,0.9699044629573623,-0.2037524314081461,-1.0,-1.0,-3.734073243447771
-1.0,-0.3735175151768547,-1.0,-0.3695994140046339,-0.06425352132109918,-0.967077600402211,5.87080425952287
1.0,1.0,0.4595471904038759,0.3812309034831105,1.0,0.692652561751883,-2.081648244045244
-0.4264456403005321,-0.47401100655452566,-1.0,-0.9258973614068213,-1.0,-1.0,3.3969519952017
1.0,-0.3762437456202519,1.0,0.5783662749495762,0.17804380676799625,0.8174784933464627,-2.558336652939753
0.346325707012318,-0.3481176602457453,-0.4006918635425323,0.9977324777435574,-1.0,-0.6619286173639669,3.191117361515745
-0.4683522405837709,0.2750389791366106,-0.0864857520476004,-1.0,-1.0,-1.0,-0.7092500580611911
0.5677628997072312,-0.014263592830152438,-0.5812206521834102,-0.005471381329352154,0.8396263416778977,0.596742188049848,0.21614575900016458
0.3720385259038015,1.0,0.36378175757932296,1.0,-1.0,0.9162943623788102,3.8470542109790022
-0.8812094535836498,-0.741877394883975,-1.0,-1.0,0.15940427259950374,-1.0,4.689025345702414
-0.6643912228959747,0.22092218829925292,1.0,1.0,-1.0,-0.16776748594365865,-2.322634305412418
-0.9935179206835656,-0.7168987041220705,-1.0,-0.9585990731831266,-0.9921140692885199,1.0,4.8595071501584295
-1.0,-0.7118859917462512,-1.0,-0.5997310545958805,0.19994126915491062,0.020032158387297272,-3.094542185124087
-0.3501984837681421,0.5558058577160497,-0.07670105855898188,0.5063535018756316,0.5597175965267323,-0.1516210275370785,0.9859447215548797
-0.7017375550701032,1.0,-0.527751424504654,0.04911035484036552,-1.0,-1.0,0.6147529775654338
0.6061368847193083,-1.0,0.6661049555844616,0.12899083681624135,-1.0,-0.16447702157601515,6.003439221848236
-1.0,-0.9580201748032401,-1.0,-0.14717038933742954,-0.710860396808005,-0.29524165311454675,-4.050132522639325
-1.0,-0.6807414380689082,0.9287370191138931,0.1529529356557897,-1.0,0.3791207531251428,-3.364962754628453
0.6349211251865472,0.6055903675023026,0.832231569855756,1.0,-0.7218242297123039,-0.8693777143846044,4.034497962702047
-0.20773945900651336,-1.0,-0.08943730321934806,-0.1927048576989711,0.5366548331844079,1.0,1.397894683369505
-0.07009786951570152,-0.09610172126733703,-0.3087067596163755,-1.0,0.018974254142173574,-0.19810758078848345,-0.2583711147750585
-0.2797619291562627,1.0,1.0,1.0,-0.4848855343125171,0.9718378225350595,-5.698673389937905
0.258407179029873,-1.0,-1.0,-0.8922450816593708,0.9094322727432431,-0.8600396516928392,-1.1262260183762036
0.4030056230498062,1.0,0.22315918104726495,0.4186085998755218,0.4608893650319966,-0.06858084728863889,-1.638205854830919
0.0025504765890411174,1.0,0.5299182039739025,1.0,0.8469819318406773,1.0,-0.6002367984061137
1.0,0.8799335774068463,0.8701189382527454,0.4381130898494028,-0.9763128309004856,-1.0,6.389868455930709
-0.6431420341268093,0.22950340627022014,0.32151319185476934,0.31575466771694294,-0.9896434212593974,-0.17864289038468062,-1.4821337954660498
0.16291479974959028,-0.21689186584448528,-0.030327717965565132,-0.8955945861841043,0.16454640262346792,-0.492276869043791,1.5386279336695188
-0.08450045005509654,-0.3945812814637979,-1.0,-0.23118034127947829,-1.0,-0.20401239026918871,-0.30683962900952844
0.3544559881353736,-0.08115349997401414,-0.5515351521779778,0.6414314078341761,0.522280171391431,0.6107092549768147,1.0554226744417556
0.17419701215214556,-0.47881293493299026,0.5073375663520819,-0.6435440823892618,-1.0,0.21515608042413215,1.7338061127344366
0.601409885442067,0.10323978979067827,-0.6127156059561296,-0.3210302115465844,-0.2991822150738392,-0.5748938723491973,0.728683871839674
-0.9612514694285589,0.5370986888580997,-0.6017953297277292,-0.4349757685006109,0.24174238169877893,1.0,6.250607935362394
-0.613999598155514,-1.0,-0.7781979987052493,-0.3961264642619948,1.0,-0.018213445149886986,-2.016978187527048
-0.03901528639109558,-0.28726152422073187,-1.0,0.7607311654585464,1.0,-0.04497913651512464,-1.5488360164444317
-0.663479632599332,-0.4180221855179018,-1.0,-0.31840478373942616,0.8979894424048723,1.0,7.471790679286609
-0.7240547395146564,-1.0,-0.5397169774884609,-0.5004718087721292,-0.5656422045473752,-1.0,2.6631620642919933
1.0,0.5458942990642228,1.0,0.001458176633026026,0.14258248952994768,-1.0,2.8988125167376384
0.5205299840706821,0.4835230938692161,-1.0,0.20719982460416686,-1.0,-0.6632078194437927,1.0738369093999176
-0.04570575300867025,1.0,-0.005256825161553347,0.6884361032282323,-1.0,-1.0,3.0748181788134406
-0.6699760341120702,-1.0,-0.8992740033715595,-0.2505260183645954,-0.23345639255757691,0.19299506871822952,-3.638794527683483
1.0,-0.10466123376662995,1.0,0.4269213761096695,0.751332848260219,0.2610296399374582,-3.8181354050119714
1.0,0.5866051008048754,0.11437303988555825,0.7634510172918132,-0.37880303091529277,-1.0,6.83643005740726
0.5034003471142762,1.0,0.6719284639395627,1.0,-0.24125556195295106,-0.3346436998254474,-0.42467061009040563
1.0,0.8548075854343762,0.6887632438710254,1.0,-0.4992178820634787,1.0,1.5945120252104128
-1.0,0.5312035092871411,-1.0,0.4379284261402817,-0.22039486631566485,-1.0,7.281265860974261
0.554846998003808,0.561982104426437,1.0,0.9874845760018791,0.06301193437401635,-1.0,1.1786856368875305
-1.0,-0.7906181628506552,-1.0,-1.0,1.0,0.20906493205861398,-5.27460583058654
0.7861836931331299,1.0,0.3776638274461346,-0.04409731123693528,0.02760912012455801,0.06504914415577945,-0.4393485276279653
-0.17338858992210499,1.0,-0.5578803300867141,-0.3121840102340955,0.3905731649744567,-0.004836838768784463,1.0847353538233324
0.03330666002740068,0.19062533212659963,-1.0,-1.0,-0.28633383289457726,-0.0883629773066083,-1.8613548830217497
0.07626857408149917,0.24667743338480708,0.6045577770028788,-0.5610858040070135,1.0,1.0,2.0462490441042793
1.0,1.0,-0.5578391592849652,0.8651887613202354,-0.31301886542217616,0.18515237337212964,3.2659367616215786
-0.41901006895650483,0.07313267132080531,-1.0,-0.4979989196989685,-0.9946525580642512,-0.6161359781973583,-1.0472659818203662
0.2991654287632296,1.0,1.0,0.5151896705721759,-0.0912740998168059,0.0627070728703989,-1.6862706763863564
0.26740582732821166,0.6825201972581001,0.377325185452667,1.0,0.14764615496407307,0.3684737727610242,-1.18146415886003
0.1272466372171292,-0.7971779161508543,-1.0,0.24380238793730966,-0.03139166054857236,0.39668184514239613,-0.09602015493710342
-0.6311651276695437,0.6400186393504834,-1.0,0.845785363134839,-0.9614171608323692,0.10048639419816419,-0.6639798876078156
1.0,1.0,0.4759658396313118,0.4157408804913796,0.10135521365620731,-1.0,1.860937351753597
0.20023815828346025,1.0,1.0,0.45839012685638925,0.046620679958447264,-0.24417960357369506,-1.9839003042518943
0.8121869455165893,-0.6276475969419211,-0.15838437260979146,0.17674625802663135,-0.08071997549193966,0.5614113463715674,0.29898764555531365
0.5638503945617399,1.0,1.0,1.0,-0.5706631520294254,-0.7483782697050434,1.9406115788027072
0.6578730653772761,0.655391919109031,1.0,0.5709581737677663,0.9100113782544121,-1.0,-2.859173883744506
-1.0,-0.4827512871154994,0.0832536644379038,0.09201387318634457,-0.5721062743354219,-1.0,1.4029361296403526
0.9579773463760584,0.2533476940302224,-0.14662522661963706,-0.7400999159604871,-1.0,-0.12499953066819607,4.487559562333361
-1.0,-1.0,-0.45749739068925277,-0.5221258221928813,0.13883545774762662,-0.273800537600176,-1.4113679122127678
-1.0,-1.0,-0.6795056555802472,-0.6552811629225868,-0.3607691780137916,-0.918212744787532,1.8561971390099392
-0.34913789771694204,-0.2918202954610281,1.0,-0.10771187890103706,0.19045055309314263,-0.22005382562064618,0.11746864299393467
0.20754208810427482,0.9748499975512079,0.5646755731606969,-0.02032270573580841,-1.0,-1.0,0.32537888626690487
0.046213695550692685,0.6015128468106178,-0.11292681105819824,-1.0,0.22213448787438245,-1.0,-0.6087156656092594
-0.3371723021528439,0.2573826341607979,0.033738343589695186,1.0,0.012724086927893521,0.354769939960739,0.3776107495741299
-1.0,-1.0,-0.5052040573686719,-1.0,-1.0,-1.0,5.522044165216308
-0.4059731364678446,0.8598924221829918,0.2525177526360599,1.0,0.32882049358809473,-0.9145474690021149,0.8531328111505877
-0.35883445280713155,-0.8197590384957578,-0.5129749144453741,0.7869352404656901,-0.28383676529354296,0.5496101919674956,0.4575383581633813
-0.6008123350762422,-1.0,-1.0,-0.7533996425475007,0.10926803488365411,-0.5899301479407926,-0.895837879851654
-1.0,-0.8716905841018143,-1.0,-0.16252948684159585,0.9991769827346151,-0.08865274482061014,-4.471751598422043
-0.6450728818698092,-1.0,-0.8204663710605111,-0.3273845148181607,-0.9105345792547187,1.0,2.0147095111135673
-0.11276449878667387,-0.5714459876735982,-0.3665247234630047,-0.06947108700466606,-0.47000734019656676,0.04855116689944339,-0.37694595913519696
0.45078308245411286,0.14386203986777865,-0.8695672746028579,-1.0,0.11922033451288772,0.7647028993153377,1.4099259237593444
0.19064464993579078,-0.5886046337203921,-0.38747168903701595,0.9275594470968804,-0.7045546105907184,0.3661480996936288,2.0735960863259533
1.0,1.0,-0.03415061050338927,0.40492864299377906,0.7242333323384824,0.6760710099210762,-0.41686380673396833
-1.0,-0.5216353348337119,-0.9905750876042421,-1.0,-0.13126830881948548,-0.34901437869454566,-2.928066673444481
-0.7321599953279844,-1.0,0.8392671762722114,-0.522574255571047,0.23752206699117026,0.05140238035653244,1.9911290503792929
1.0,-0.5154159316270208,-0.6190327422189453,0.14267053417577613,-0.7068304131308056,-1.0,6.017459545452299
0.6312079957116926,0.19679723546898809,-0.4606166547730558,-0.9075464834201794,0.4915813940074998,-1.0,1.196040936161564
0.38866874592688805,-0.5443460863980112,0.23335926176295504,1.0,-0.9729465619958816,-0.20389371699457648,2.278398993632358
1.0,1.0,-0.1265746573297184,0.6490695005425311,0.6847370325948514,0.0017954539541668035,-0.7424258193694673
-1.0,-0.761549329192176,-0.2782814932791291,-0.218194367600147,0.8726721815457172,1.0,3.9128267499943554
1.0,1.0,0.6162748702841292,1.0,0.6435618878340654,0.5373784381970848,-4.840995870942725
0.6794160174625903,0.10358262165216336,1.0,-0.4194054285677087,1.0,0.6613192748647689,-3.6725441555879987
-1.0,-1.0,-1.0,0.23161120903838195,-0.12238212521434977,-0.7966279003573489,-0.7300700481896453
-1.0,0.1321177004363051,-1.0,-0.4686764539835264,0.8016549061470297,1.0,8.740948746966186
-0.22388546167713813,-0.672999913703167,0.09343357426521248,-0.740656229405287,-0.9051277924803793,0.19201541994862903,0.5288758144328407
-0.21560224985297616,-0.8171315167316859,-1.0,-1.0,-0.5844115088484118,0.3861910743191034,-0.38962432739496267
-0.7301578882308633,1.0,-0.43463185477198085,0.32936414695478533,0.9573633387220679,-1.0,4.590846714051085
0.06049164302111942,-0.15372239756092815,0.4176458149491075,0.5864026997149516,-1.0,-1.0,1.83061622009982
1.0,0.6460561428534514,-0.7063978623548877,0.7581243454948274,-1.0,-0.03760801428945082,4.6030042851376205
0.3834489344790416,-0.2572809614278418,-0.4188361893591397,-0.3492667855969934,1.0,0.5433912490126893,-0.7903867340355922
1.0,0.6938640078576097,0.3074821657221971,0.6689294184792564,1.0,-0.5316682478302466,-1.9700867575738572
-0.5471868986308743,0.767288995792566,-1.0,0.6656983894077889,-1.0,0.8504137755305279,4.887218617458638
0.40841618272937685,1.0,1.0,1.0,0.4284168437254047,0.7591670802108066,-6.071524127973789
-1.0,-0.1781555031287336,-0.9126064105930267,0.33998870501139744,0.588121487109373,1.0,7.180604518673221
0.32349930510425784,0.18501188977670868,1.0,0.4463624283986955,-0.13180508443417405,-0.3274081500924209,0.5227815619499607
0.29642188097592115,-0.8730104080582975,-1.0,-0.1695293317370823,1.0,-1.0,0.04080567446472094
-0.614729003111617,-0.16453635341746864,-0.6179060753074614,1.0,-1.0,-1.0,0.10024388547319796
0.29282083649335733,0.8001628324656728,0.6499928218862447,0.45193983878455335,0.4054440881758199,0.31344969483913376,-1.0994467953936606
-0.6715098955760257,-1.0,-1.0,-0.2952975719562776,-0.03766336540491899,-0.27675119271900483,-3.8112625889509846
0.8250164408368476,1.0,0.7923216205212079,-0.14688563568767388,-0.19059347450428854,-1.0,0.8210176549037452
-0.4371599767491572,-0.22012478950253012,0.399183085699638,-0.20453500374411215,-0.49205215315914275,-1.0,1.9537162782649689
-0.31757787846628066,-0.4059956145297483,-0.4481256627718768,0.146250674549472,1.0,0.6517372231697731,1.2099774309062306
-1.0,-1.0,0.7122243770118827,-0.5427935394114201,-1.0,0.5668096543968355,-1.226787736587185
1.0,1.0,0.698396883537983,0.4993366914520809,-0.7066599857439435,-0.44933423174271603,2.3768532145560717
-0.5660754683768624,-0.9533318682453787,-0.20407038398296734,-1.0,0.22205213635004933,1.0,-1.9594975368631093
0.2824021142514431,-1.0,0.8915064607906766,0.29596200116787347,-0.16330480177482481,1.0,0.9165547639380307
0.3935686727839527,-0.6003572242224181,-0.5973269141856203,-0.7119375074342482,-0.1399535655648907,-1.0,4.059583046638191
-1.0,0.7988482856528836,-0.44596730433001475,-0.4340660526486204,0.3350551541268748,-0.17535743652323915,1.0214502749138423
-0.5244712224469489,-0.07878033510133331,-0.08451165948959918,-0.6386441295880074,-1.0,-0.7427865061686054,0.4176370139608085
0.7897772837044714,0.8819121339106146,-0.36110952683461783,1.0,-0.4531165145696367,0.5998160254701628,4.0441300390976975
1.0,1.0,1.0,-0.10384729735702977,-0.6504694634245012,-1.0,2.1880895309073116
-0.513614774715446,-0.22892956274287607,-0.8590128397334786,0.7043499987604602,-0.6283701834417572,-1.0,2.1615078303690964
-0.5545103521238244,0.2697143171996698,0.09125133236563596,-0.9256360090615019,-0.3211293503456617,-1.0,0.15044883754542038
-0.20966129265553773,1.0,-0.5161411835033315,0.5966673026248334,-0.7249861947253032,-0.42674874005001584,1.645481398792961
0.5988032498147494,0.4195721769102312,0.9172286434730949,0.6777553556717663,1.0,-0.8318547291113723,-1.6429968278255236
0.12872971751186513,-0.9096925842447593,-0.7729047243703847,-0.163722081684883,0.520323391673218,-1.0,2.0367456151422294
1.0,0.6571301582790636,1.0,1.0,0.09700899777026273,-1.0,2.6227058989557155
-1.0,0.8053094522422239,-0.10543268192843691,0.15067568955206256,-1.0,-0.9750458133642368,-3.2583652782687307
-0.41725506731158263,1.0,-0.6546109308020236,1.0,-0.5604158644829589,-0.04981100481449863,1.7890806886235053
0.036501286501452346,-0.6333738293034965,-0.41926137835854427,0.050872169575577775,-1.0,-1.0,1.6937457662552027
0.6089428257386518,0.5566297921152576,1.0,0.366038362262451,-1.0,-1.0,2.4463386135926948
-1.0,0.7285900276002671,-1.0,-0.6356172784066273,1.0,-0.5334446582445944,2.178301270681094
-0.24998910189920487,-0.17486006821580724,-0.6463944580393076,-0.5425395669720763,-1.0,-0.625180347704907,-0.7607994340784665
1.0,0.48445711011018966,1.0,0.9495524394211311,-0.7569073716653818,-1.0,8.348825965945437
-1.0,-0.3094428651534101,-0.06383067526759956,0.9238387353236641,-0.3690891328884063,1.0,0.7082858854698746
0.07106357714585115,-0.1702731131143695,-0.17462571596443202,0.9241762476781793,0.3114166501867883,0.9041649067691844,2.771702285058668
0.735830945294147,0.0695172733740482,-0.6591136453623525,-1.0,0.007432921383758506,-0.16366781237028658,-0.7985956494301377
-1.0,-0.3753307404637427,-0.6607732044214678,-1.0,-0.9842531115090447,-0.7347732640562848,1.517226845807223
0.25683957225631626,1.0,-0.44051764606056076,0.7317519957053388,-1.0,-1.0,5.220201740101047
-1.0,-1.0,-1.0,-1.0,1.0,-0.4671778911260238,-5.119251258242626
-0.15416882848562707,-1.0,-0.7794056124903822,-0.4154873650163518,1.0,-0.26312975869441957,-1.828195637503759
-0.3611793610749951,-0.5984579754274705,0.41738670308007597,1.0,-1.0,-0.9590075171110334,1.4275397262730845
0.15194515516201368,-0.2772646868756538,-0.7565349027113337,0.8009096960148829,1.0,0.11681066893887937,-1.2990003833409796
1.0,1.0,0.2982453407389174,1.0,-0.9253713820722771,-1.0,11.772016581241736
0.8290404200222208,1.0,0.9005968943534406,0.2977251956831597,0.4634230295747992,1.0,-3.3192146474877924
-0.2715273689214922,0.24920634314248802,-1.0,-0.8114871613682462,-1.0,-1.0,-0.22138116059890361
-1.0,-1.0,-1.0,0.3497513141127291,0.5478868539527348,0.1869063785008372,-4.20461410910396
1.0,1.0,0.8447335469920743,1.0,-0.703833860174681,1.0,0.8788930525423279
0.7160092452824245,1.0,0.32903832179681425,0.024706735570232452,0.02790592985021087,-1.0,1.7718558184412994
-1.0,-0.7514792629934248,0.44748494464440586,-1.0,-0.9139462934690741,-1.0,4.581716922523615
-1.0,0.08704359558162988,-1.0,-0.4446634538810095,-0.4207145959402453,1.0,7.42669659218114
1.0,1.0,1.0,0.6169338057228291,0.01790767344251315,-0.3625878461838101,-1.2876932642589998
-1.0,-1.0,-1.0,-0.2965042604632784,1.0,0.4830433045023055,-3.747434841412103
-0.47268595138487834,0.2788015474261033,-0.04234849891371667,-0.010304303874243026,0.41178041810280464,0.21289854196161095,1.0908929141423855
-0.35920793879975793,1.0,0.46521245054034976,0.8598188367915944,-0.7101811228884678,1.0,-1.5369282731812188
0.2397708062490681,-0.2230614722753202,1.0,0.024078723224922605,-1.0,1.0,-0.09930595614854337
-1.0,-1.0,-0.7520072449740185,-0.8574460791785257,1.0,0.006395409869919537,-2.7225149057176408
-0.44291731250509614,-1.0,0.5275345633002415,-0.515829370917001,0.026773550507584454,-0.22359022927862138,2.9987775518910413
-1.0,-0.411705589992835,-0.9345472647430579,-1.0,-0.13929742348816454,-0.001048508917784019,-2.522560988005114
0.6152960076071854,-0.2700378860614894,-0.9609496448289223,-0.3021735449075015,-0.6295125584318502,0.5315358856538683,2.799742088082174
0.3517088663533991,-0.9536275016602784,-0.19549025079748283,0.5091887161772697,1.0,0.6831859747102929,-0.549341685676767
0.17082727103888973,-0.18696314449744716,0.9991958002276257,-0.5340919733578375,0.8154395959786861,-1.0,1.1973128113377816
-0.9907086657188722,0.2521332985958868,-1.0,-1.0,0.30104593953946995,0.22434280896839803,-0.14958222318056502
-0.21616128442991656,-0.7671186097440281,-0.13324570700510824,1.0,-1.0,0.19400191942570466,1.6366766259977048
0.5585220949518616,0.6051352401862402,0.5508084111019128,0.04039096920543306,0.01312522807717198,0.020863555838263603,-0.5863751960475166
0.4855622979493438,-1.0,-1.0,-0.32253109775414557,0.9705597111788298,1.0,-1.5517569696997315
-0.768019752863198,-1.0,-0.1939983504067132,-1.0,1.0,0.5192579066588647,1.3472045380645197
-0.3391194892746613,-1.0,-0.2518098215222474,-1.0,-1.0,-1.0,7.67510548058576
-1.0,-0.23274864673825313,1.0,-1.0,-0.5871713852975244,0.4020837016362593,-5.0360248006467305
-0.600222266710718,-0.9337951419585938,-1.0,-1.0,-1.0,-0.7841540983226838,3.145216588222986
-1.0,-0.2554567399093428,-1.0,-1.0,-0.13585434705676624,1.0,4.961398034505246
0.07188847848832253,1.0,0.7712887190255393,0.10472534036664416,-0.4431788103649445,-0.4298502938937994,-0.7149078026118393
1.0,0.013170267315637751,1.0,0.2596905806917167,-0.06919970663802738,-1.0,5.301173541189773
-0.7503890921725512,-0.5431777291455351,-1.0,0.05911799644972626,0.7110058008898181,-0.9146982223976967,4.275214220121096
-0.8105672875160562,-0.5537460207594562,0.4060964474279477,-1.0,0.9198288063042241,1.0,0.9683395379517556
-0.7536175284057894,-0.01288131074493104,-0.6791050046831022,0.2603820344073111,1.0,0.6888038566162624,4.095409770328805
0.7587793004157317,-0.29624357261696477,0.4015546831504033,1.0,-0.5665084891300519,1.0,4.477079929202833
1.0,1.0,1.0,-1.0,0.39095639888203393,-0.22699799074271826,-2.643855253936708
-0.11888411672500254,-1.0,-1.0,-1.0,-0.9549947863269606,-0.6383827397318949,2.9199357015669873
-0.8943822689630883,-0.26896641420923983,-1.0,-1.0,-1.0,-1.0,3.2335800947468085
0.6975497885264785,1.0,1.0,1.0,-0.223733619202499,-0.07258855903254957,-1.361970529580881
-1.0,-0.655403181842991,0.03991949785469051,0.9416690270262669,-1.0,0.5136752391390267,-1.165885673739145
-1.0,-1.0,-0.29887094675582815,-0.7426552955697732,-0.771848572725842,-1.0,2.60190007752933
-0.09973334782650145,-0.17526297921317724,-0.0427744191925179,-1.0,0.8123853944253712,-0.1865887706956849,1.6494679398533556
-1.0,-1.0,0.784378320937829,-0.2057525475858763,-0.2707654762123888,-1.0,5.8502441602254205
-0.25398978065860345,-0.4467545441713009,0.27831647058095393,-0.4335538093940714,0.6128734924563213,1.0,1.4082799607956284
0.20419838631194343,0.6799024277189647,1.0,-0.041761838034328536,1.0,0.5784899399524914,-2.030124617068947
-1.0,-0.2238274965208169,0.19739728071993135,-0.6038467143001709,0.21686120282331023,0.3768762662963101,0.4140294697975854
-1.0,-1.0,-0.7868320054586111,-1.0,0.26028826418566353,-0.6555534798991046,-2.033790087220648
-0.33081929624696227,-0.7361120605198544,-0.37528768667218926,-0.041481299690498234,-0.18059618097840657,0.18061118630819337,0.1397190631665457
0.1394280371918576,0.98546958212387,0.9323666678843674,1.0,0.35275061904574273,-0.11847905022196548,-4.635930796417163
-1.0,-0.219574302465399,-1.0,0.322593119009814,-0.6259154700900023,-1.0,2.6233148930606753
1.0,1.0,0.6989324547817326,0.46794454446282585,1.0,1.0,-3.1362731631136
-1.0,-1.0,-0.18877623072973837,-0.2202727781481737,-1.0,-0.2343948951069934,-0.4520583051558841
0.6956808112905151,1.0,0.9219174740403577,-0.3938994733105653,-1.0,0.7463434594699276,1.2344078555043088
0.7004140393495539,1.0,0.8924985512456892,0.741720383939357,0.03961669675322399,0.029267801757553308,-1.1071751444112004
-1.0,-0.5256740674280692,-0.5462701703051671,-0.2988477766148783,0.4632677027721034,-0.24481557340715654,1.5706773312779139
0.23118638759888588,-0.4395420277651417,0.32532531934679215,0.26467125640678635,1.0,-1.0,1.5009604449983238
0.1337822551059482,-0.07800209545557242,0.4911581025549658,1.0,-0.4467005903512249,-0.2916507727748642,0.301613918560272
-1.0,-0.18744504374265225,-0.2705826066563003,-0.8335760399688519,-1.0,-1.0,1.1810436229577403
0.1676322245540552,0.5683589495506602,0.17345251735949085,-0.030469560960710046,-0.5958581248305244,0.48994540832650707,1.3152907777206604
-1.0,-1.0,-1.0,-1.0,-0.10581445315040328,-1.0,2.890281997163967
1.0,1.0,1.0,0.3961983164084133,0.808893244277147,0.6342705524828036,-6.545914527918506
-0.09676715764466648,-1.0,-1.0,-0.17747716585566475,-1.0,-0.919679367223676,1.5030750790686684
0.9456251822726732,-0.16366630982900388,0.6443994133020609,0.11378192119472805,0.10649859182609012,0.556728552491256,-0.8322428823329574
-0.46608755658027745,-0.6232468251978573,-1.0,-1.0,-1.0,-1.0,4.3993628645277685
0.6882324733473197,0.39167200921499035,0.4142785343445654,-0.1570232220836112,0.8865350630506454,0.06833018235104427,-2.2846652142508628
-0.9107109247502989,-0.9980013862470871,-0.41127630097726264,-0.2557006654538281,0.38653144406017914,-1.0,5.567602691729267
0.3187185566702615,1.0,0.8655206129086515,1.0,-0.31759089925692874,-1.0,1.651257478825146
-1.0,-0.6674006239528507,-0.7114169934877543,-1.0,0.7492177061461975,-0.6649632219292733,1.6648139635476178
-0.27592028639111355,0.8659174220798909,0.11004745198060337,0.2877990110469597,1.0,1.0,5.68740548947474
1.0,0.7542077572632202,1.0,-0.0018750145256077877,-0.9750249485082478,-0.8917419112894952,4.2795423282032345
0.9549978246989616,0.7290158760333627,-0.2922522047018088,1.0,-0.548509498684449,0.1727216480734226,2.8100202540646637
-1.0,-0.07361271747740017,-0.7511752204855859,-0.924535471314534,0.1017912427457972,-0.9306285287644795,3.5894728102141786
0.17508276782394505,0.2946679087758878,-0.47982382565395487,-0.5548812451128642,1.0,1.0,4.747567372564784
0.1362208580362096,0.5572789729260106,0.057748771954895584,-0.26866508358044006,-0.3934578082339546,0.37744724481546543,1.023183860646469
-0.7763044555748403,-0.6592004916625502,-0.6844568432815556,-0.33649314095451,-1.0,-1.0,0.432029378220745
-0.3465131982435331,-0.9022670128039108,-0.49698244464239016,0.5351440253194801,0.4251376447717439,-1.0,1.5101158978496871
1.0,0.15501892785008403,0.5796935682220135,-0.23155223657473056,1.0,0.4428439654599685,-3.343226316468618
-0.803619450459349,-0.3610363956853232,0.49560366263593336,-0.008145334952732175,0.9441505107198583,0.2413587875388834,1.1129223782078734
-1.0,-1.0,-0.950926649143184,-1.0,-1.0,-1.0,4.491915973366108
1.0,-0.77400613456906,0.14416839734360376,0.9683740000644694,0.21342459799043068,1.0,3.6672846540725765
1.0,-1.0,0.650420806549457,-0.6369433290092631,0.8696190326650927,0.9434204430382902,-3.586454888773637
0.480884898605456,0.2936855161052787,-1.0,-1.0,0.3821154541942253,0.47357676270707816,0.5454973261419171
-0.7238753478188126,-0.40457933765072884,0.1073349567557218,-0.5966577478189564,-0.9010734534938709,-1.0,1.3046664897463014
0.6398927683905768,0.26771890768466833,-0.3467816761492798,-0.20863179989202163,1.0,0.7835122829862278,0.967764311424373
0.5075851456314556,0.46182554734641834,0.18424977008232402,-0.11999699943160769,0.006335628677630323,-0.1894642652960088,1.047140888339738
0.1653012541296538,0.12236877850557759,-0.373842973898711,1.0,0.6707395167445698,0.19228902312525764,-0.005007086258811316
0.7788091047502672,0.9082949489945351,-0.1046977588865513,0.3334320415273755,0.5713722939452247,-0.4782908369353657,-0.3225257243216376
0.911902785453692,0.7056428557419779,0.7049954382292345,-0.2546231654637101,-0.06805964822096588,-1.0,2.9694710493299215
0.5964512771666404,-1.0,-1.0,-0.658083612930112,1.0,1.0,-2.8782706907520255
-0.6493484532646321,-0.46864396722176827,0.5624889503063915,-0.029055997243295384,1.0,0.21349416811833555,-0.022088631663072733
1.0,1.0,1.0,1.0,0.17133697462887157,1.0,-6.448488607943807
0.8927630629656013,-1.0,0.3610834309211563,0.7847646712599149,-0.5365580997510843,1.0,7.516610883257044
0.482425657018272,0.07380515461124959,1.0,0.3496479841045562,-0.10250492854347137,-0.5849016831898686,0.5482088121666069
0.25886304291343587,0.050041759900567806,-1.0,-1.0,0.44422771406813877,0.8683957511848316,3.5773566271239297
0.2749977480822561,0.1090831725644743,1.0,1.0,-1.0,0.6410379595502556,-1.8173240835961242
-1.0,-0.6281732982605752,-1.0,-0.8772504277109728,0.3642421567756624,-1.0,5.570169374488167
-1.0,-0.36342071151044597,0.3297803768447546,-0.38679918905489097,-0.6148915487793281,0.9090358610162881,-3.1103104452018577
-0.6756397163541114,0.13086072838113394,-0.9302440067876374,-0.4062373744727227,-0.8450009157997153,0.011401224425496015,-2.8428529016695214
1.0,0.28739281842992526,0.3944575185375755,0.6498272672864369,1.0,0.3481553191501139,-1.9295134023277245
0.1348629604134357,-0.5542042999504324,-0.11835849122435504,-0.06838749245640822,-0.31398907996396247,-0.26811890144902983,0.5978270864645301
-0.707305940698718,-0.5962908639379241,-1.0,-0.9572581801064532,0.7017851159332371,-0.00931557813156178,-3.4560628590228255
0.47951431503956954,0.6966689022928259,1.0,1.0,0.36647026427067875,1.0,-4.409778852851946
-0.775001551076449,-1.0,-1.0,-0.9885789780103553,0.4085287593369584,1.0,-1.520684144185884
-0.09286671714889194,-1.0,-1.0,-0.856262493545846,-1.0,-1.0,5.419978316978087
0.48669704302186345,-0.3783903524363367,-0.34328834818196696,0.2637816835010697,1.0,0.5076869364029031,-0.1304721820400312
-0.054685341207407034,0.7241995046938936,-0.863344233851654,-1.0,-0.5306793113922431,-0.16610658687815102,0.0383379712468922
-1.0,-0.8028136558087584,0.10213760236759517,-1.0,0.19893832765336028,-0.25574809277169164,0.5475570028237083
-0.9375580791756413,-0.5278732152331365,-0.6537982181180104,0.415543770173297,0.7596494400338712,-0.02687569580096061,-0.4583679706298712
1.0,-0.7774308384479396,0.6685088437305173,0.9413397674090156,0.32923183371986053,0.1576073087257115,-0.5086475648903336
1.0,0.18431765774608933,0.9495269867907343,0.47938809756312883,0.8543291139963491,0.20691894714897685,-3.1899832719576433
-1.0,-0.6131490834041019,-0.37178307373176145,1.0,1.0,0.6273194817044916,3.3103022677176566
-0.48800954254484585,-1.0,-0.4440953118812898,-0.1605288310036026,0.2727321261994111,0.880098622914913,0.9943805657588569
-1.0,-0.2735615292271125,-1.0,-1.0,0.6406500998863649,0.05489362162513298,-2.3238344047491277
-1.0,-1.0,-0.35129095540166055,-0.808269064504726,-1.0,-0.9485028314770562,3.835703361729999
-0.5375198759907849,1.0,0.5847108509064187,0.5699111684756906,-0.7586369545687581,-0.06307343775634966,-1.4429167672151055
-0.32942886224630596,-0.6603116797470202,-0.8627584873248337,-1.0,-0.29149611355142646,0.07267076055480165,-2.391540458106678
0.00409678730040558,-0.2606440842858406,0.98403897837661,-0.36719261073349574,1.0,0.37947905190730724,-2.806282882742498
1.0,0.5546989002455841,-0.6207747289195611,0.05576506066132972,-0.4264845647916455,1.0,5.022089603800886
1.0,-0.012412738450495342,-0.002546608650586868,1.0,1.0,0.9016342617965474,0.11624718243904678
1.0,-0.8838016632160639,-0.25013909515764826,-0.6185967073093992,-1.0,-0.3388704764563729,6.835234957141708
-0.5697538867106642,0.31985599219878535,-0.4117126375892463,1.0,1.0,-0.12331470758809049,2.422886894312557
0.404091004855906,0.7508388363196259,-0.6052429593939075,-1.0,1.0,0.4874522944267221,3.3499204137017005
-0.15601250125194202,-0.3694929554549925,0.17302316089147404,0.6965076745926673,0.47719983821260326,1.0,3.227089258928053
1.0,0.4160698549631006,1.0,0.2765342622103797,-1.0,-0.34688582328284656,5.4732480739927265
-0.005659000462394259,0.9012233610845329,0.10937987345044642,-0.039516529866802985,0.13470092534572087,-0.7155867424220782,0.7992816479882756
-0.36949470825692243,-0.18206030612573487,1.0,0.01455333905742262,-0.09694308217820113,-0.40454107367065706,0.6597014360296132
-0.7145829961389903,0.2702334784467371,-0.024054922663200085,-0.6780217455942631,-0.035421865768755056,-0.6712354348949208,1.0187206847389085
0.475306886714018,0.26940532274006435,0.9804042220056943,-0.001662897844047162,-0.48105776038597625,-0.1542180308192974,1.7428754291143553
-0.0323802664811661,0.6924057974811335,0.11614773077253954,-1.0,0.7157035655606765,1.0,6.664678027070242
-0.9491025939984802,-0.17269092679058073,-1.0,-1.0,1.0,0.2214509727967382,-0.9186992182953422
0.6367478852428854,1.0,1.0,0.21315082204959324,0.2727008838227906,1.0,-4.234553527735277
-0.10319777233631439,0.9280696578355662,-0.01700203105487086,-0.2609674413347933,0.24490513287776483,-0.32675847450726203,-0.09409512349145746
0.30721352450598194,0.5169263389350288,0.7330415656747686,0.778947662154831,0.444626057656037,1.0,-0.9130344530215904
-0.3156719432092681,1.0,0.44372382905538765,0.502793190123223,0.20741267111720021,-0.17734252277848128,-0.9170345333640945
-0.1311616472374062,0.817147446335625,-0.46964652974862175,-0.7718021997663269,0.1698547424004173,0.6070413283784023,2.679830146439559
0.6709739763868217,-0.37982272157941677,-0.04859433389154988,-0.002626914621115528,1.0,1.0,1.0619292225582582
-0.8291215104279368,0.4330696276272469,0.4324275321078116,-1.0,-1.0,0.35765205067883665,-0.6910215051886193
0.6970936385530548,1.0,-0.33038320248777076,0.5324898520803739,0.15334198079139072,-0.46020756666318685,2.3305725619289115
-0.25842408771968906,-0.1376345148119067,-0.6886255578736333,-1.0,-1.0,-0.15831304831909898,1.234278420004243
1.0,-0.5385901707893681,0.2897486217254103,0.5647870288785835,1.0,1.0,-0.14928077113201849
0.7255243352543423,1.0,-0.10289257827686349,-0.3322797219092885,0.35633822807541105,-0.928438113475788,0.49676846622555804
-0.19292440677635292,-0.7201719421308308,-0.37105020838319924,-1.0,-0.3131708036875841,0.9680769255730846,1.4907220142176711
-0.7004443854873658,-1.0,0.36078383374332973,-1.0,0.10594209312546188,-0.8031690848802551,4.164205467577571
-0.806420013488675,0.06420106153830663,-0.004291770717672061,0.9688624126003212,-0.059928833955954164,0.1267102891916324,-0.5408171088656022
1.0,0.5156603079719411,-0.06602910919866967,0.15073489227143222,1.0,0.3601739334564835,-1.8550679323051988
-0.2362880514575568,-0.7749762995667512,-0.39819924213035923,-0.11080922323786935,-0.4133991056189058,-1.0,2.4997458871484706
-0.035973345307340754,-1.0,-0.14252513111146592,-1.0,0.10159295933608592,0.023574289900034184,-0.5828572237120061
0.8986288476291655,0.7738381110552186,1.0,1.0,0.5791634404925514,-0.020061175608747345,-4.365740325757976
0.10349004397550476,-0.8809515543876338,-1.0,-0.10668018887717012,-1.0,-0.2967302230863342,-0.8426139366914273
-0.3968349405643803,-0.5049275472980191,0.0388504427466313,-0.42965397829549956,1.0,0.4945483875764023,2.2249578110945945
-0.5312338541123356,-0.19155978156536163,0.2046826363227483,-0.8453271019487474,-1.0,-1.0,1.2382458788535122
0.5215262798431257,1.0,0.9929502780269425,0.6821561502587524,-0.644996377008062,-0.6873713490812606,0.5953420205376247
-0.9578604713864876,-0.009996313108713073,-1.0,-0.16153542006229404,-0.1727846943815936,-0.9698405845837117,5.5950217118155035
-1.0,-1.0,-1.0,-1.0,0.14501832509482648,0.6455931644028374,-6.725689552457237
-0.2782732825666846,-0.8829738615573165,-0.07533247518930786,-1.0,-0.5351948771325507,0.7557861271355484,-0.2074385443506669
-1.0,-0.7567558774325316,-0.2456392158328855,-0.723735620977557,-0.23745999229996656,-0.06619070342157478,-1.5618762025831345
1.0,0.2623508118226545,0.9429130806657107,1.0,-0.10625770104643528,0.14457075834752858,0.20940093163695983
-1.0,-0.8779567571073741,-1.0,-0.6082225815947022,0.9369382066687773,0.7360351490617,-1.4760725698910655
1.0,0.43883248873427694,0.8842174714039159,0.6742066332014462,1.0,0.6867849500190517,-5.76493947692023
-0.019863879253161132,1.0,-1.0,-0.26619787233713965,-0.7937509511905614,-0.643290375089314,1.5234792420156538
0.5637722895467523,1.0,0.9066341949735315,0.6811110408283991,0.023346358303360404,1.0,-3.4661804995743664
-0.43084839190113533,-0.5378524772465912,-1.0,-0.06498674047837089,-1.0,0.09848338144649871,-1.1039306527828336
-0.9291972585323529,-0.48117540320945573,-0.5128651320747402,-0.5698108355835512,-1.0,-0.11202116218948732,-1.3216995635071895
0.0288486432020982,0.2814003226472874,-0.1212566035496066,0.06935003371006965,-0.013131267915519773,0.3767067679682776,0.7692686491562211
0.11673023592936385,0.32604545527075585,0.36380356426609883,0.6805159342633169,-0.41142824329837846,-1.0,3.025852272943357
0.9828786900520041,1.0,1.0,1.0,0.28806128484026794,-0.7287524087918675,-1.1021882691829958
0.19685605364562206,0.5125427499197992,1.0,-0.8297291588315474,0.24343565783502963,0.9738593954517899,-1.7554195805910875
-1.0,-0.6833543839896417,-0.7360485191988,-0.6622878787611535,-0.4886432569112801,1.0,1.66169527290654
1.0,0.7200592016855825,-0.1593744174847096,0.9638248751539649,0.32700984624863705,1.0,1.656331259595332
1.0,1.0,1.0,0.4375295285450729,-0.87953443469872,-0.6902468321238123,4.359460987901387
0.03602897192448984,-0.6946760438059153,-1.0,1.0,0.4008148990535046,0.2592688918923498,-1.3485124181290247
0.9989525224349473,1.0,0.5475422975403469,-0.18908712457253063,-1.0,0.10747128143991977,1.607129846172307
-1.0,0.21278701547704748,-0.9237033176900377,-1.0,-0.5854123942669787,-1.0,2.951978328504361
0.01385575428731567,0.8892450750482368,1.0,1.0,-1.0,-1.0,1.6106710601558836
